﻿<?xml version="1.0" encoding="utf-8"?>
<mi:PackageInstaller xmlns:mi="http://www.composite.net/ns/management/packageinstaller/1.0">
    <mi:PackageRequirements minimumCompositeVersion="5.0.5827.21806" maximumCompositeVersion="6.6.6911.26610">
    </mi:PackageRequirements>

    <mi:PackageInformation name="C1 CMS 6.6 (Internal Build)" groupName="Composite.Updates" version="1.0.0" author="Orckestra A/S" website="c1.orckestra.com" id="aa9995e7-bf65-46bb-9faf-5435bf9a691a" canBeUninstalled="false" systemLocking="hard" assemblyLoad="true" flushOnCompletion="false" reloadConsoleOnCompletion="true" readMoreUrl="https://github.com/Orckestra/C1-CMS-Foundation/releases">
        <TechnicalDetails>C1 CMS 6.4</TechnicalDetails>
        <Description>C1 CMS 6.6 (Internal Build)</Description>
    </mi:PackageInformation>

    <mi:PackageFragmentInstallerBinaries>
        <mi:Add path="~/UpgradePackage.dll" />
        <mi:Add path="~/UpgradeFragmentInstallers.dll" />
    </mi:PackageFragmentInstallerBinaries>

    <mi:PackageFragmentInstallers>

			<mi:Add installerType="UpgradePackage.DotNet4_6_1Check, UpgradePackage" />

			<mi:Add installerType="UpgradePackage.ConvertFunctionsToComponents, UpgradePackage" />

			<mi:Add installerType="Composite.Core.PackageSystem.PackageFragmentInstallers.FileXslTransformationPackageFragmentInstaller, Composite" uninstallerType="Composite.Core.PackageSystem.PackageFragmentInstallers.FileXslTransformationPackageFragmentUninstaller, Composite">
              <XslFiles>
                <XslFile pathXsl="~\Xsl\web_config.xsl" pathXml="~\Web.config" />
                <XslFile pathXsl="~\Xsl\composite_config.xsl" pathXml="~\App_Data\Composite\Composite.config" />
              </XslFiles>
        </mi:Add>
    
        <!-- Patch Package Builder inserted fragment installers start -->
        <mi:Add installerType="Composite.Core.PackageSystem.PackageFragmentInstallers.FilePackageFragmentInstaller, Composite" uninstallerType="Composite.Core.PackageSystem.PackageFragmentInstallers.FilePackageFragmentUninstaller, Composite"><Files>
      <File sourceFilename="~\App_Data\Composite\Configuration\Entities.xml" targetFilename="~\App_Data\Composite\Configuration\Entities.xml" allowOverwrite="true" />
      <File sourceFilename="~\App_Data\Composite\PhantomJs\config.json" targetFilename="~\App_Data\Composite\PhantomJs\config.json" allowOverwrite="true" />
      <File sourceFilename="~\App_Data\Composite\PhantomJs\phantomjs.exe" targetFilename="~\App_Data\Composite\PhantomJs\phantomjs.exe" allowOverwrite="true" />
      <File sourceFilename="~\App_Data\Composite\PhantomJs\renderingServer.js" targetFilename="~\App_Data\Composite\PhantomJs\renderingServer.js" allowOverwrite="true" />
      <File sourceFilename="~\App_Data\Composite\TreeDefinitions\PageType.xml" targetFilename="~\App_Data\Composite\TreeDefinitions\PageType.xml" allowOverwrite="true" />
      <File sourceFilename="~\Bin\Composite.dll" targetFilename="~\Bin\Composite.dll" allowOverwrite="true" />
      <File sourceFilename="~\Bin\Composite.Workflows.dll" targetFilename="~\Bin\Composite.Workflows.dll" allowOverwrite="true" />
      <File sourceFilename="~\Bin\Microsoft.CodeAnalysis.CSharp.dll" targetFilename="~\Bin\Microsoft.CodeAnalysis.CSharp.dll" allowOverwrite="true" />
      <File sourceFilename="~\Bin\Microsoft.CodeAnalysis.dll" targetFilename="~\Bin\Microsoft.CodeAnalysis.dll" allowOverwrite="true" />
      <File sourceFilename="~\Bin\System.Collections.Immutable.dll" targetFilename="~\Bin\System.Collections.Immutable.dll" allowOverwrite="true" />
      <File sourceFilename="~\Bin\System.Reflection.Metadata.dll" targetFilename="~\Bin\System.Reflection.Metadata.dll" allowOverwrite="true" />
      <File sourceFilename="~\Composite\app.aspx" targetFilename="~\Composite\app.aspx" allowOverwrite="true" />
      <File sourceFilename="~\Composite\CompileScripts.xml" targetFilename="~\Composite\CompileScripts.xml" allowOverwrite="true" />
      <File sourceFilename="~\Composite\default.aspx" targetFilename="~\Composite\default.aspx" allowOverwrite="true" />
      <File sourceFilename="~\Composite\develop.aspx" targetFilename="~\Composite\develop.aspx" allowOverwrite="true" />
      <File sourceFilename="~\Composite\Login.aspx" targetFilename="~\Composite\Login.aspx" allowOverwrite="true" />
      <File sourceFilename="~\Composite\login.inc" targetFilename="~\Composite\login.inc" allowOverwrite="true" />
      <File sourceFilename="~\Composite\ping.ashx" targetFilename="~\Composite\ping.ashx" allowOverwrite="true" />
      <File sourceFilename="~\Composite\top.aspx" targetFilename="~\Composite\top.aspx" allowOverwrite="true" />
      <File sourceFilename="~\Composite\top.css" targetFilename="~\Composite\top.css" allowOverwrite="true" />
      <File sourceFilename="~\Composite\unsupported.aspx" targetFilename="~\Composite\unsupported.aspx" allowOverwrite="true" />
      <File sourceFilename="~\Composite\web.config" targetFilename="~\Composite\web.config" allowOverwrite="true" />
      <File sourceFilename="~\Composite\webauthorization.config" targetFilename="~\Composite\webauthorization.config" allowOverwrite="true" />
      <File sourceFilename="~\Composite\welcome.css" targetFilename="~\Composite\welcome.css" allowOverwrite="true" />
      <File sourceFilename="~\Composite\welcome.inc" targetFilename="~\Composite\welcome.inc" allowOverwrite="true" />
      <File sourceFilename="~\Composite\Welcome.js" targetFilename="~\Composite\Welcome.js" allowOverwrite="true" />
      <File sourceFilename="~\Composite\content\branding\about-company.inc" targetFilename="~\Composite\content\branding\about-company.inc" allowOverwrite="true" />
      <File sourceFilename="~\Composite\content\branding\logo.inc" targetFilename="~\Composite\content\branding\logo.inc" allowOverwrite="true" />
      <File sourceFilename="~\Composite\content\branding\start-page-content.inc" targetFilename="~\Composite\content\branding\start-page-content.inc" allowOverwrite="true" />
      <File sourceFilename="~\Composite\content\dialogs\about\about.css" targetFilename="~\Composite\content\dialogs\about\about.css" allowOverwrite="true" />
      <File sourceFilename="~\Composite\content\dialogs\functions\editFunctionCall.aspx" targetFilename="~\Composite\content\dialogs\functions\editFunctionCall.aspx" allowOverwrite="true" />
      <File sourceFilename="~\Composite\content\dialogs\postback\PostBackDialogPageBinding.js" targetFilename="~\Composite\content\dialogs\postback\PostBackDialogPageBinding.js" allowOverwrite="true" />
      <File sourceFilename="~\Composite\content\dialogs\standard\StandardDialogPageBinding.js" targetFilename="~\Composite\content\dialogs\standard\StandardDialogPageBinding.js" allowOverwrite="true" />
      <File sourceFilename="~\Composite\content\dialogs\treeselector\treeselector.aspx" targetFilename="~\Composite\content\dialogs\treeselector\treeselector.aspx" allowOverwrite="true" />
      <File sourceFilename="~\Composite\content\dialogs\treeselector\treeselector.css" targetFilename="~\Composite\content\dialogs\treeselector\treeselector.css" allowOverwrite="true" />
      <File sourceFilename="~\Composite\content\dialogs\treeselector\TreeSelectorDialogPageBinding.js" targetFilename="~\Composite\content\dialogs\treeselector\TreeSelectorDialogPageBinding.js" allowOverwrite="true" />
      <File sourceFilename="~\Composite\content\forms\Administrative\AddMediaFileStep2.xml" targetFilename="~\Composite\content\forms\Administrative\AddMediaFileStep2.xml" allowOverwrite="true" />
      <File sourceFilename="~\Composite\content\forms\Administrative\AddNewCompositionTypeStep1.xml" targetFilename="~\Composite\content\forms\Administrative\AddNewCompositionTypeStep1.xml" allowOverwrite="true" />
      <File sourceFilename="~\Composite\content\forms\Administrative\AddNewInterfaceTypeStep1.xml" targetFilename="~\Composite\content\forms\Administrative\AddNewInterfaceTypeStep1.xml" allowOverwrite="true" />
      <File sourceFilename="~\Composite\content\forms\Administrative\AddNewPageStep1.xml" targetFilename="~\Composite\content\forms\Administrative\AddNewPageStep1.xml" allowOverwrite="true" />
      <File sourceFilename="~\Composite\content\forms\Administrative\AddNewPageStep2.xml" targetFilename="~\Composite\content\forms\Administrative\AddNewPageStep2.xml" allowOverwrite="true" />
      <File sourceFilename="~\Composite\content\forms\Administrative\DeletePageStep1.xml" targetFilename="~\Composite\content\forms\Administrative\DeletePageStep1.xml" allowOverwrite="true" />
      <File sourceFilename="~\Composite\content\forms\Administrative\EditCompositionTypeStep1.xml" targetFilename="~\Composite\content\forms\Administrative\EditCompositionTypeStep1.xml" allowOverwrite="true" />
      <File sourceFilename="~\Composite\content\forms\Administrative\EditInterfaceTypeStep1.xml" targetFilename="~\Composite\content\forms\Administrative\EditInterfaceTypeStep1.xml" allowOverwrite="true" />
      <File sourceFilename="~\Composite\content\forms\Administrative\EditMediaFile.xml" targetFilename="~\Composite\content\forms\Administrative\EditMediaFile.xml" allowOverwrite="true" />
      <File sourceFilename="~\Composite\content\forms\Administrative\EditPage.xml" targetFilename="~\Composite\content\forms\Administrative\EditPage.xml" allowOverwrite="true" />
      <File sourceFilename="~\Composite\content\forms\Administrative\EditSqlFunctionConnection.xml" targetFilename="~\Composite\content\forms\Administrative\EditSqlFunctionConnection.xml" allowOverwrite="true" />
      <File sourceFilename="~\Composite\content\forms\Administrative\PackageElementProviderViewAvailablePackageInformation.xml" targetFilename="~\Composite\content\forms\Administrative\PackageElementProviderViewAvailablePackageInformation.xml" allowOverwrite="true" />
      <File sourceFilename="~\Composite\content\forms\Administrative\PackageElementProviderViewInstalledPackageInformation.xml" targetFilename="~\Composite\content\forms\Administrative\PackageElementProviderViewInstalledPackageInformation.xml" allowOverwrite="true" />
      <File sourceFilename="~\Composite\content\forms\Administrative\PageTypeEditPageType.xml" targetFilename="~\Composite\content\forms\Administrative\PageTypeEditPageType.xml" allowOverwrite="true" />
      <File sourceFilename="~\Composite\content\forms\Administrative\PageTypeEditPageTypeDefaultPageContent.xml" targetFilename="~\Composite\content\forms\Administrative\PageTypeEditPageTypeDefaultPageContent.xml" allowOverwrite="true" />
      <File sourceFilename="~\Composite\content\forms\AdministrativeTemplates\Document.xml" targetFilename="~\Composite\content\forms\AdministrativeTemplates\Document.xml" allowOverwrite="true" />
      <File sourceFilename="~\Composite\content\misc\editors\codemirroreditor\codemirror.aspx" targetFilename="~\Composite\content\misc\editors\codemirroreditor\codemirror.aspx" allowOverwrite="true" />
      <File sourceFilename="~\Composite\content\misc\editors\codemirroreditor\codemirror.js" targetFilename="~\Composite\content\misc\editors\codemirroreditor\codemirror.js" allowOverwrite="true" />
      <File sourceFilename="~\Composite\content\misc\editors\codemirroreditor\codemirroreditor.aspx" targetFilename="~\Composite\content\misc\editors\codemirroreditor\codemirroreditor.aspx" allowOverwrite="true" />
      <File sourceFilename="~\Composite\content\misc\editors\codemirroreditor\bindings\SourceEditorInsertToolbarButtonBinding.js" targetFilename="~\Composite\content\misc\editors\codemirroreditor\bindings\SourceEditorInsertToolbarButtonBinding.js" allowOverwrite="true" />
      <File sourceFilename="~\Composite\content\misc\editors\codemirroreditor\theme\composite.css" targetFilename="~\Composite\content\misc\editors\codemirroreditor\theme\composite.css" allowOverwrite="true" />
      <File sourceFilename="~\Composite\content\misc\editors\visualeditor\visualeditor.aspx" targetFilename="~\Composite\content\misc\editors\visualeditor\visualeditor.aspx" allowOverwrite="true" />
      <File sourceFilename="~\Composite\content\misc\editors\visualeditor\visualeditor.js" targetFilename="~\Composite\content\misc\editors\visualeditor\visualeditor.js" allowOverwrite="true" />
      <File sourceFilename="~\Composite\content\misc\editors\visualeditor\bindings\VisualEditorSimpleToolBarBinding.js" targetFilename="~\Composite\content\misc\editors\visualeditor\bindings\VisualEditorSimpleToolBarBinding.js" allowOverwrite="true" />
      <File sourceFilename="~\Composite\content\misc\editors\visualeditor\includes\toolbaradvanced.inc" targetFilename="~\Composite\content\misc\editors\visualeditor\includes\toolbaradvanced.inc" allowOverwrite="true" />
      <File sourceFilename="~\Composite\content\misc\editors\visualeditor\includes\toolbarsimple.inc" targetFilename="~\Composite\content\misc\editors\visualeditor\includes\toolbarsimple.inc" allowOverwrite="true" />
      <File sourceFilename="~\Composite\content\misc\editors\visualeditor\tinymce\tinymce.min.js" targetFilename="~\Composite\content\misc\editors\visualeditor\tinymce\tinymce.min.js" allowOverwrite="true" />
      <File sourceFilename="~\Composite\content\misc\editors\visualeditor\tinymce\plugins\autolink\plugin.min.js" targetFilename="~\Composite\content\misc\editors\visualeditor\tinymce\plugins\autolink\plugin.min.js" allowOverwrite="true" />
      <File sourceFilename="~\Composite\content\misc\editors\visualeditor\tinymce\plugins\compositecharmap\plugin.min.js" targetFilename="~\Composite\content\misc\editors\visualeditor\tinymce\plugins\compositecharmap\plugin.min.js" allowOverwrite="true" />
      <File sourceFilename="~\Composite\content\misc\editors\visualeditor\tinymce\plugins\compositefield\plugin.min.js" targetFilename="~\Composite\content\misc\editors\visualeditor\tinymce\plugins\compositefield\plugin.min.js" allowOverwrite="true" />
      <File sourceFilename="~\Composite\content\misc\editors\visualeditor\tinymce\plugins\compositeimage\plugin.min.js" targetFilename="~\Composite\content\misc\editors\visualeditor\tinymce\plugins\compositeimage\plugin.min.js" allowOverwrite="true" />
      <File sourceFilename="~\Composite\content\misc\editors\visualeditor\tinymce\plugins\compositelink\plugin.min.js" targetFilename="~\Composite\content\misc\editors\visualeditor\tinymce\plugins\compositelink\plugin.min.js" allowOverwrite="true" />
      <File sourceFilename="~\Composite\content\misc\editors\visualeditor\tinymce\plugins\compositeplugin\plugin.min.js" targetFilename="~\Composite\content\misc\editors\visualeditor\tinymce\plugins\compositeplugin\plugin.min.js" allowOverwrite="true" />
      <File sourceFilename="~\Composite\content\misc\editors\visualeditor\tinymce\plugins\compositerendering\plugin.min.js" targetFilename="~\Composite\content\misc\editors\visualeditor\tinymce\plugins\compositerendering\plugin.min.js" allowOverwrite="true" />
      <File sourceFilename="~\Composite\content\misc\editors\visualeditor\tinymce\plugins\compositespellcheck\plugin.min.js" targetFilename="~\Composite\content\misc\editors\visualeditor\tinymce\plugins\compositespellcheck\plugin.min.js" allowOverwrite="true" />
      <File sourceFilename="~\Composite\content\misc\editors\visualeditor\tinymce\plugins\compositetable\plugin.min.js" targetFilename="~\Composite\content\misc\editors\visualeditor\tinymce\plugins\compositetable\plugin.min.js" allowOverwrite="true" />
      <File sourceFilename="~\Composite\content\misc\editors\visualeditor\tinymce\plugins\compositetext\plugin.min.js" targetFilename="~\Composite\content\misc\editors\visualeditor\tinymce\plugins\compositetext\plugin.min.js" allowOverwrite="true" />
      <File sourceFilename="~\Composite\content\misc\editors\visualeditor\tinymce\plugins\lists\plugin.min.js" targetFilename="~\Composite\content\misc\editors\visualeditor\tinymce\plugins\lists\plugin.min.js" allowOverwrite="true" />
      <File sourceFilename="~\Composite\content\misc\editors\visualeditor\tinymce\plugins\paste\plugin.min.js" targetFilename="~\Composite\content\misc\editors\visualeditor\tinymce\plugins\paste\plugin.min.js" allowOverwrite="true" />
      <File sourceFilename="~\Composite\content\misc\editors\visualeditor\tinymce\plugins\table\plugin.min.js" targetFilename="~\Composite\content\misc\editors\visualeditor\tinymce\plugins\table\plugin.min.js" allowOverwrite="true" />
      <File sourceFilename="~\Composite\content\misc\editors\visualeditor\tinymce\skins\lightgray\content.inline.min.css" targetFilename="~\Composite\content\misc\editors\visualeditor\tinymce\skins\lightgray\content.inline.min.css" allowOverwrite="true" />
      <File sourceFilename="~\Composite\content\misc\editors\visualeditor\tinymce\skins\lightgray\content.min.css" targetFilename="~\Composite\content\misc\editors\visualeditor\tinymce\skins\lightgray\content.min.css" allowOverwrite="true" />
      <File sourceFilename="~\Composite\content\misc\editors\visualeditor\tinymce\skins\lightgray\skin.ie7.min.css" targetFilename="~\Composite\content\misc\editors\visualeditor\tinymce\skins\lightgray\skin.ie7.min.css" allowOverwrite="true" />
      <File sourceFilename="~\Composite\content\misc\editors\visualeditor\tinymce\skins\lightgray\skin.min.css" targetFilename="~\Composite\content\misc\editors\visualeditor\tinymce\skins\lightgray\skin.min.css" allowOverwrite="true" />
      <File sourceFilename="~\Composite\content\misc\editors\visualeditor\tinymce\skins\lightgray\fonts\tinymce-small.eot" targetFilename="~\Composite\content\misc\editors\visualeditor\tinymce\skins\lightgray\fonts\tinymce-small.eot" allowOverwrite="true" />
      <File sourceFilename="~\Composite\content\misc\editors\visualeditor\tinymce\skins\lightgray\fonts\tinymce-small.svg" targetFilename="~\Composite\content\misc\editors\visualeditor\tinymce\skins\lightgray\fonts\tinymce-small.svg" allowOverwrite="true" />
      <File sourceFilename="~\Composite\content\misc\editors\visualeditor\tinymce\skins\lightgray\fonts\tinymce-small.ttf" targetFilename="~\Composite\content\misc\editors\visualeditor\tinymce\skins\lightgray\fonts\tinymce-small.ttf" allowOverwrite="true" />
      <File sourceFilename="~\Composite\content\misc\editors\visualeditor\tinymce\skins\lightgray\fonts\tinymce-small.woff" targetFilename="~\Composite\content\misc\editors\visualeditor\tinymce\skins\lightgray\fonts\tinymce-small.woff" allowOverwrite="true" />
      <File sourceFilename="~\Composite\content\misc\editors\visualeditor\tinymce\skins\lightgray\fonts\tinymce.eot" targetFilename="~\Composite\content\misc\editors\visualeditor\tinymce\skins\lightgray\fonts\tinymce.eot" allowOverwrite="true" />
      <File sourceFilename="~\Composite\content\misc\editors\visualeditor\tinymce\skins\lightgray\fonts\tinymce.svg" targetFilename="~\Composite\content\misc\editors\visualeditor\tinymce\skins\lightgray\fonts\tinymce.svg" allowOverwrite="true" />
      <File sourceFilename="~\Composite\content\misc\editors\visualeditor\tinymce\skins\lightgray\fonts\tinymce.ttf" targetFilename="~\Composite\content\misc\editors\visualeditor\tinymce\skins\lightgray\fonts\tinymce.ttf" allowOverwrite="true" />
      <File sourceFilename="~\Composite\content\misc\editors\visualeditor\tinymce\skins\lightgray\fonts\tinymce.woff" targetFilename="~\Composite\content\misc\editors\visualeditor\tinymce\skins\lightgray\fonts\tinymce.woff" allowOverwrite="true" />
      <File sourceFilename="~\Composite\content\misc\editors\visualeditor\tinymce\themes\composite\theme.min.js" targetFilename="~\Composite\content\misc\editors\visualeditor\tinymce\themes\composite\theme.min.js" allowOverwrite="true" />
      <File sourceFilename="~\Composite\content\views\browser\browser.aspx" targetFilename="~\Composite\content\views\browser\browser.aspx" allowOverwrite="true" />
      <File sourceFilename="~\Composite\content\views\browser\browser.css" targetFilename="~\Composite\content\views\browser\browser.css" allowOverwrite="true" />
      <File sourceFilename="~\Composite\content\views\browser\BrowserAddressBarBinding.js" targetFilename="~\Composite\content\views\browser\BrowserAddressBarBinding.js" allowOverwrite="true" />
      <File sourceFilename="~\Composite\content\views\browser\BrowserPageBinding.js" targetFilename="~\Composite\content\views\browser\BrowserPageBinding.js" allowOverwrite="true" />
      <File sourceFilename="~\Composite\content\views\browser\BrowserTabBoxBinding.js" targetFilename="~\Composite\content\views\browser\BrowserTabBoxBinding.js" allowOverwrite="true" />
      <File sourceFilename="~\Composite\content\views\browser\deviceoptions.xml" targetFilename="~\Composite\content\views\browser\deviceoptions.xml" allowOverwrite="true" />
      <File sourceFilename="~\Composite\content\views\publishworkflowstatus\ViewUnpublishedItems.aspx" targetFilename="~\Composite\content\views\publishworkflowstatus\ViewUnpublishedItems.aspx" allowOverwrite="true" />
      <File sourceFilename="~\Composite\content\views\publishworkflowstatus\ViewUnpublishedItems.aspx.cs" targetFilename="~\Composite\content\views\publishworkflowstatus\ViewUnpublishedItems.aspx.cs" allowOverwrite="true" />
      <File sourceFilename="~\Composite\content\views\publishworkflowstatus\ViewUnpublishedItems.css" targetFilename="~\Composite\content\views\publishworkflowstatus\ViewUnpublishedItems.css" allowOverwrite="true" />
      <File sourceFilename="~\Composite\content\views\relationshipgraph\Default.aspx.cs" targetFilename="~\Composite\content\views\relationshipgraph\Default.aspx.cs" allowOverwrite="true" />
      <File sourceFilename="~\Composite\content\views\seoassist\scripts\SEODOMParser.js" targetFilename="~\Composite\content\views\seoassist\scripts\SEODOMParser.js" allowOverwrite="true" />
      <File sourceFilename="~\Composite\content\views\start\GetStartPage.ashx" targetFilename="~\Composite\content\views\start\GetStartPage.ashx" allowOverwrite="true" />
      <File sourceFilename="~\Composite\content\views\start\StartPageBinding.js" targetFilename="~\Composite\content\views\start\StartPageBinding.js" allowOverwrite="true" />
      <File sourceFilename="~\Composite\controls\AppInitializerControl.ascx.cs" targetFilename="~\Composite\controls\AppInitializerControl.ascx.cs" allowOverwrite="true" />
      <File sourceFilename="~\Composite\controls\BrandingSnippet.ascx" targetFilename="~\Composite\controls\BrandingSnippet.ascx" allowOverwrite="true" />
      <File sourceFilename="~\Composite\controls\FormsControls\FormUiContainerTemplates\DataDialogExecutionContainer.ascx" targetFilename="~\Composite\controls\FormsControls\FormUiContainerTemplates\DataDialogExecutionContainer.ascx" allowOverwrite="true" />
      <File sourceFilename="~\Composite\controls\FormsControls\FormUiContainerTemplates\DocumentExecutionContainer.ascx" targetFilename="~\Composite\controls\FormsControls\FormUiContainerTemplates\DocumentExecutionContainer.ascx" allowOverwrite="true" />
      <File sourceFilename="~\Composite\controls\FormsControls\FormUiContainerTemplates\DocumentExecutionContainer.ascx.cs" targetFilename="~\Composite\controls\FormsControls\FormUiContainerTemplates\DocumentExecutionContainer.ascx.cs" allowOverwrite="true" />
      <File sourceFilename="~\Composite\controls\FormsControls\FormUiControlTemplates\BoolSelectors\BoolSelector.ascx" targetFilename="~\Composite\controls\FormsControls\FormUiControlTemplates\BoolSelectors\BoolSelector.ascx" allowOverwrite="true" />
      <File sourceFilename="~\Composite\controls\FormsControls\FormUiControlTemplates\BoolSelectors\CheckBox.ascx" targetFilename="~\Composite\controls\FormsControls\FormUiControlTemplates\BoolSelectors\CheckBox.ascx" allowOverwrite="true" />
      <File sourceFilename="~\Composite\controls\FormsControls\FormUiControlTemplates\Customized\PageContentEditor.ascx.cs" targetFilename="~\Composite\controls\FormsControls\FormUiControlTemplates\Customized\PageContentEditor.ascx.cs" allowOverwrite="true" />
      <File sourceFilename="~\Composite\controls\FormsControls\FormUiControlTemplates\DateTimeSelectors\DateSelector.ascx" targetFilename="~\Composite\controls\FormsControls\FormUiControlTemplates\DateTimeSelectors\DateSelector.ascx" allowOverwrite="true" />
      <File sourceFilename="~\Composite\controls\FormsControls\FormUiControlTemplates\DateTimeSelectors\DateSelector.ascx.cs" targetFilename="~\Composite\controls\FormsControls\FormUiControlTemplates\DateTimeSelectors\DateSelector.ascx.cs" allowOverwrite="true" />
      <File sourceFilename="~\Composite\controls\FormsControls\FormUiControlTemplates\DeveloperTools\TypeFieldDesigner.ascx" targetFilename="~\Composite\controls\FormsControls\FormUiControlTemplates\DeveloperTools\TypeFieldDesigner.ascx" allowOverwrite="true" />
      <File sourceFilename="~\Composite\controls\FormsControls\FormUiControlTemplates\DeveloperTools\TypeFieldDesigner.ascx.cs" targetFilename="~\Composite\controls\FormsControls\FormUiControlTemplates\DeveloperTools\TypeFieldDesigner.ascx.cs" allowOverwrite="true" />
      <File sourceFilename="~\Composite\controls\FormsControls\FormUiControlTemplates\DeveloperTools\TypeFieldDesigner.ascx.designer.cs" targetFilename="~\Composite\controls\FormsControls\FormUiControlTemplates\DeveloperTools\TypeFieldDesigner.ascx.designer.cs" allowOverwrite="true" />
      <File sourceFilename="~\Composite\controls\FormsControls\FormUiControlTemplates\RichContent\InlineXhtmlEditor.ascx" targetFilename="~\Composite\controls\FormsControls\FormUiControlTemplates\RichContent\InlineXhtmlEditor.ascx" allowOverwrite="true" />
      <File sourceFilename="~\Composite\controls\FormsControls\FormUiControlTemplates\RichContent\MultiContentXhtmlEditor.ascx.cs" targetFilename="~\Composite\controls\FormsControls\FormUiControlTemplates\RichContent\MultiContentXhtmlEditor.ascx.cs" allowOverwrite="true" />
      <File sourceFilename="~\Composite\controls\FormsControls\FormUiControlTemplates\RichContent\XhtmlEditor.ascx" targetFilename="~\Composite\controls\FormsControls\FormUiControlTemplates\RichContent\XhtmlEditor.ascx" allowOverwrite="true" />
      <File sourceFilename="~\Composite\controls\FormsControls\FormUiControlTemplates\Selectors\ComboBox.ascx" targetFilename="~\Composite\controls\FormsControls\FormUiControlTemplates\Selectors\ComboBox.ascx" allowOverwrite="true" />
      <File sourceFilename="~\Composite\controls\FormsControls\FormUiControlTemplates\Selectors\MultiKeySelector.ascx" targetFilename="~\Composite\controls\FormsControls\FormUiControlTemplates\Selectors\MultiKeySelector.ascx" allowOverwrite="true" />
      <File sourceFilename="~\Composite\controls\FormsControls\FormUiControlTemplates\Selectors\Selector.ascx" targetFilename="~\Composite\controls\FormsControls\FormUiControlTemplates\Selectors\Selector.ascx" allowOverwrite="true" />
      <File sourceFilename="~\Composite\images\C1_logo.svg" targetFilename="~\Composite\images\C1_logo.svg" allowOverwrite="true" />
      <File sourceFilename="~\Composite\images\logo.png" targetFilename="~\Composite\images\logo.png" allowOverwrite="true" />
      <File sourceFilename="~\Composite\images\sprite.svg" targetFilename="~\Composite\images\sprite.svg" allowOverwrite="true" />
      <File sourceFilename="~\Composite\images\branding\brand-text.svg" targetFilename="~\Composite\images\branding\brand-text.svg" allowOverwrite="true" />
      <File sourceFilename="~\Composite\images\welcome\accept-green.svg" targetFilename="~\Composite\images\welcome\accept-green.svg" allowOverwrite="true" />
      <File sourceFilename="~\Composite\images\welcome\cancel.svg" targetFilename="~\Composite\images\welcome\cancel.svg" allowOverwrite="true" />
      <File sourceFilename="~\Composite\lib\codemirror\addon\dropmedia\dropmedia.js" targetFilename="~\Composite\lib\codemirror\addon\dropmedia\dropmedia.js" allowOverwrite="true" />
      <File sourceFilename="~\Composite\lib\codemirror\addon\mode\loadmode.js" targetFilename="~\Composite\lib\codemirror\addon\mode\loadmode.js" allowOverwrite="true" />
      <File sourceFilename="~\Composite\lib\codemirror\addon\mode\multiplex.js" targetFilename="~\Composite\lib\codemirror\addon\mode\multiplex.js" allowOverwrite="true" />
      <File sourceFilename="~\Composite\lib\codemirror\addon\mode\multiplex_test.js" targetFilename="~\Composite\lib\codemirror\addon\mode\multiplex_test.js" allowOverwrite="true" />
      <File sourceFilename="~\Composite\lib\codemirror\addon\mode\overlay.js" targetFilename="~\Composite\lib\codemirror\addon\mode\overlay.js" allowOverwrite="true" />
      <File sourceFilename="~\Composite\lib\codemirror\addon\mode\simple.js" targetFilename="~\Composite\lib\codemirror\addon\mode\simple.js" allowOverwrite="true" />
      <File sourceFilename="~\Composite\lib\codemirror\addon\selection\active-line.js" targetFilename="~\Composite\lib\codemirror\addon\selection\active-line.js" allowOverwrite="true" />
      <File sourceFilename="~\Composite\lib\codemirror\addon\selection\mark-selection.js" targetFilename="~\Composite\lib\codemirror\addon\selection\mark-selection.js" allowOverwrite="true" />
      <File sourceFilename="~\Composite\lib\codemirror\addon\selection\selection-pointer.js" targetFilename="~\Composite\lib\codemirror\addon\selection\selection-pointer.js" allowOverwrite="true" />
      <File sourceFilename="~\Composite\lib\codemirror\lib\codemirror.css" targetFilename="~\Composite\lib\codemirror\lib\codemirror.css" allowOverwrite="true" />
      <File sourceFilename="~\Composite\lib\codemirror\lib\codemirror.js" targetFilename="~\Composite\lib\codemirror\lib\codemirror.js" allowOverwrite="true" />
      <File sourceFilename="~\Composite\lib\codemirror\mode\clike\clike.js" targetFilename="~\Composite\lib\codemirror\mode\clike\clike.js" allowOverwrite="true" />
      <File sourceFilename="~\Composite\lib\codemirror\mode\css\css.js" targetFilename="~\Composite\lib\codemirror\mode\css\css.js" allowOverwrite="true" />
      <File sourceFilename="~\Composite\lib\codemirror\mode\htmlembedded\htmlembedded.js" targetFilename="~\Composite\lib\codemirror\mode\htmlembedded\htmlembedded.js" allowOverwrite="true" />
      <File sourceFilename="~\Composite\lib\codemirror\mode\htmlmixed\htmlmixed.js" targetFilename="~\Composite\lib\codemirror\mode\htmlmixed\htmlmixed.js" allowOverwrite="true" />
      <File sourceFilename="~\Composite\lib\codemirror\mode\javascript\javascript.js" targetFilename="~\Composite\lib\codemirror\mode\javascript\javascript.js" allowOverwrite="true" />
      <File sourceFilename="~\Composite\lib\codemirror\mode\razor\razor.js" targetFilename="~\Composite\lib\codemirror\mode\razor\razor.js" allowOverwrite="true" />
      <File sourceFilename="~\Composite\lib\codemirror\mode\sass\sass.js" targetFilename="~\Composite\lib\codemirror\mode\sass\sass.js" allowOverwrite="true" />
      <File sourceFilename="~\Composite\lib\codemirror\mode\sql\sql.js" targetFilename="~\Composite\lib\codemirror\mode\sql\sql.js" allowOverwrite="true" />
      <File sourceFilename="~\Composite\lib\codemirror\mode\xml\xml.js" targetFilename="~\Composite\lib\codemirror\mode\xml\xml.js" allowOverwrite="true" />
      <File sourceFilename="~\Composite\localization\Composite.C1Console.Trees.en-us.xml" targetFilename="~\Composite\localization\Composite.C1Console.Trees.en-us.xml" allowOverwrite="true" />
      <File sourceFilename="~\Composite\localization\Composite.C1Console.Users.en-us.xml" targetFilename="~\Composite\localization\Composite.C1Console.Users.en-us.xml" allowOverwrite="true" />
      <File sourceFilename="~\Composite\localization\Composite.Core.PackageSystem.PackageFragmentInstallers.en-us.xml" targetFilename="~\Composite\localization\Composite.Core.PackageSystem.PackageFragmentInstallers.en-us.xml" allowOverwrite="true" />
      <File sourceFilename="~\Composite\localization\Composite.Management.en-us.xml" targetFilename="~\Composite\localization\Composite.Management.en-us.xml" allowOverwrite="true" />
      <File sourceFilename="~\Composite\localization\Composite.Plugins.GeneratedDataTypesElementProvider.en-us.xml" targetFilename="~\Composite\localization\Composite.Plugins.GeneratedDataTypesElementProvider.en-us.xml" allowOverwrite="true" />
      <File sourceFilename="~\Composite\localization\Composite.Plugins.PackageElementProvider.en-us.xml" targetFilename="~\Composite\localization\Composite.Plugins.PackageElementProvider.en-us.xml" allowOverwrite="true" />
      <File sourceFilename="~\Composite\localization\Composite.Plugins.PageElementProvider.en-us.xml" targetFilename="~\Composite\localization\Composite.Plugins.PageElementProvider.en-us.xml" allowOverwrite="true" />
      <File sourceFilename="~\Composite\localization\Composite.Plugins.PageTypeElementProvider.en-us.xml" targetFilename="~\Composite\localization\Composite.Plugins.PageTypeElementProvider.en-us.xml" allowOverwrite="true" />
      <File sourceFilename="~\Composite\localization\Composite.Plugins.SqlFunction.en-us.xml" targetFilename="~\Composite\localization\Composite.Plugins.SqlFunction.en-us.xml" allowOverwrite="true" />
      <File sourceFilename="~\Composite\localization\Composite.Plugins.StandardFunctions.en-us.xml" targetFilename="~\Composite\localization\Composite.Plugins.StandardFunctions.en-us.xml" allowOverwrite="true" />
      <File sourceFilename="~\Composite\localization\Composite.Plugins.UserGroupElementProvider.en-us.xml" targetFilename="~\Composite\localization\Composite.Plugins.UserGroupElementProvider.en-us.xml" allowOverwrite="true" />
      <File sourceFilename="~\Composite\localization\Composite.Plugins.WebsiteFileElementProvider.en-us.xml" targetFilename="~\Composite\localization\Composite.Plugins.WebsiteFileElementProvider.en-us.xml" allowOverwrite="true" />
      <File sourceFilename="~\Composite\localization\Composite.Web.FormControl.TypeFieldDesigner.en-us.xml" targetFilename="~\Composite\localization\Composite.Web.FormControl.TypeFieldDesigner.en-us.xml" allowOverwrite="true" />
      <File sourceFilename="~\Composite\localization\Composite.Web.SourceEditor.en-us.xml" targetFilename="~\Composite\localization\Composite.Web.SourceEditor.en-us.xml" allowOverwrite="true" />
      <File sourceFilename="~\Composite\localization\Composite.Web.VisualEditor.en-us.xml" targetFilename="~\Composite\localization\Composite.Web.VisualEditor.en-us.xml" allowOverwrite="true" />
      <File sourceFilename="~\Composite\schemas\FormsControls\AspNetManagement__www_composite_net_ns_management_bindingforms_internal_ui_controls_lib_1_0.xsd" targetFilename="~\Composite\schemas\FormsControls\AspNetManagement__www_composite_net_ns_management_bindingforms_internal_ui_controls_lib_1_0.xsd" allowOverwrite="true" />
      <File sourceFilename="~\Composite\schemas\FormsControls\AspNetManagement__www_composite_net_ns_management_bindingforms_std_ui_controls_lib_1_0.xsd" targetFilename="~\Composite\schemas\FormsControls\AspNetManagement__www_composite_net_ns_management_bindingforms_std_ui_controls_lib_1_0.xsd" allowOverwrite="true" />
      <File sourceFilename="~\Composite\schemas\FormsControls\GenerateDynamicSchemas.aspx" targetFilename="~\Composite\schemas\FormsControls\GenerateDynamicSchemas.aspx" allowOverwrite="true" />
      <File sourceFilename="~\Composite\schemas\Trees\Tree.xsd" targetFilename="~\Composite\schemas\Trees\Tree.xsd" allowOverwrite="true" />
      <File sourceFilename="~\Composite\scripts\compressed\sub.js" targetFilename="~\Composite\scripts\compressed\sub.js" allowOverwrite="true" />
      <File sourceFilename="~\Composite\scripts\compressed\sub.js.map" targetFilename="~\Composite\scripts\compressed\sub.js.map" allowOverwrite="true" />
      <File sourceFilename="~\Composite\scripts\compressed\top.js" targetFilename="~\Composite\scripts\compressed\top.js" allowOverwrite="true" />
      <File sourceFilename="~\Composite\scripts\compressed\top.js.map" targetFilename="~\Composite\scripts\compressed\top.js.map" allowOverwrite="true" />
      <File sourceFilename="~\Composite\scripts\compressed\toplevelclassnames.js" targetFilename="~\Composite\scripts\compressed\toplevelclassnames.js" allowOverwrite="true" />
      <File sourceFilename="~\Composite\services\Admin\DownloadFile.ashx" targetFilename="~\Composite\services\Admin\DownloadFile.ashx" allowOverwrite="true" />
      <File sourceFilename="~\Composite\services\Installation\InstallationService.asmx" targetFilename="~\Composite\services\Installation\InstallationService.asmx" allowOverwrite="true" />
      <File sourceFilename="~\Composite\services\Localization\LocalizationService.asmx" targetFilename="~\Composite\services\Localization\LocalizationService.asmx" allowOverwrite="true" />
      <File sourceFilename="~\Composite\services\Login\Login.asmx" targetFilename="~\Composite\services\Login\Login.asmx" allowOverwrite="true" />
      <File sourceFilename="~\Composite\services\Media\ImageManipulator.ashx" targetFilename="~\Composite\services\Media\ImageManipulator.ashx" allowOverwrite="true" />
      <File sourceFilename="~\Composite\services\Setup\SetupService.asmx" targetFilename="~\Composite\services\Setup\SetupService.asmx" allowOverwrite="true" />
      <File sourceFilename="~\Composite\services\Tree\SecurityServices.asmx" targetFilename="~\Composite\services\Tree\SecurityServices.asmx" allowOverwrite="true" />
      <File sourceFilename="~\Composite\services\Tree\TreeServices.asmx" targetFilename="~\Composite\services\Tree\TreeServices.asmx" allowOverwrite="true" />
      <File sourceFilename="~\Composite\services\WysiwygEditor\FunctionService.asmx" targetFilename="~\Composite\services\WysiwygEditor\FunctionService.asmx" allowOverwrite="true" />
      <File sourceFilename="~\Composite\services\WysiwygEditor\PageTemplate.asmx" targetFilename="~\Composite\services\WysiwygEditor\PageTemplate.asmx" allowOverwrite="true" />
      <File sourceFilename="~\Composite\services\WysiwygEditor\XhtmlTransformations.asmx" targetFilename="~\Composite\services\WysiwygEditor\XhtmlTransformations.asmx" allowOverwrite="true" />
      <File sourceFilename="~\Composite\styles\styles.css" targetFilename="~\Composite\styles\styles.css" allowOverwrite="true" />
      <File sourceFilename="~\Composite\styles\styles.min.css" targetFilename="~\Composite\styles\styles.min.css" allowOverwrite="true" />
      <File sourceFilename="~\Composite\styles\styles.min.css.map" targetFilename="~\Composite\styles\styles.min.css.map" allowOverwrite="true" />
      <File sourceFilename="~\Composite\templates\wysiwygeditor\popup.xml" targetFilename="~\Composite\templates\wysiwygeditor\popup.xml" allowOverwrite="true" />
      <File sourceFilename="~\Composite\transformations\page_profiler.xslt" targetFilename="~\Composite\transformations\page_profiler.xslt" allowOverwrite="true" />
      <File sourceFilename="~\Frontend\Config\VisualEditor\Styles\core.css" targetFilename="~\Frontend\Config\VisualEditor\Styles\core.css" allowOverwrite="true" />
      <File sourceFilename="~\Renderers\FunctionPreview.ashx" targetFilename="~\Renderers\FunctionPreview.ashx" allowOverwrite="true" />
      <File sourceFilename="~\Renderers\ShowMedia.ashx" targetFilename="~\Renderers\ShowMedia.ashx" allowOverwrite="true" />
      <File sourceFilename="~\Renderers\TemplatePreview.ashx" targetFilename="~\Renderers\TemplatePreview.ashx" allowOverwrite="true" />
      <File sourceFilename="~\App_Data\Composite\Configuration\AntonymClassDefinitions.xml" targetFilename="~\App_Data\Composite\Configuration\AntonymClassDefinitions.xml" allowOverwrite="true" />
      <File sourceFilename="~\App_Data\Composite\Configuration\ComponentTags.xml" targetFilename="~\App_Data\Composite\Configuration\ComponentTags.xml" allowOverwrite="true" />
      <File sourceFilename="~\App_Data\Composite\TreeDefinitions\UrlConfiguration.xml" targetFilename="~\App_Data\Composite\TreeDefinitions\UrlConfiguration.xml" allowOverwrite="true" />
      <File sourceFilename="~\Bin\Castle.Core.dll" targetFilename="~\Bin\Castle.Core.dll" allowOverwrite="true" />
      <File sourceFilename="~\Bin\Composite.XmlSerializers.dll" targetFilename="~\Bin\Composite.XmlSerializers.dll" allowOverwrite="true" />
      <File sourceFilename="~\Bin\Microsoft.Extensions.DependencyInjection.Abstractions.dll" targetFilename="~\Bin\Microsoft.Extensions.DependencyInjection.Abstractions.dll" allowOverwrite="true" />
      <File sourceFilename="~\Bin\Microsoft.Extensions.DependencyInjection.dll" targetFilename="~\Bin\Microsoft.Extensions.DependencyInjection.dll" allowOverwrite="true" />
      <File sourceFilename="~\Bin\Orckestra.AspNet.Roslyn.dll" targetFilename="~\Bin\Orckestra.AspNet.Roslyn.dll" allowOverwrite="true" />
      <File sourceFilename="~\Bin\System.Reactive.Core.dll" targetFilename="~\Bin\System.Reactive.Core.dll" allowOverwrite="true" />
      <File sourceFilename="~\Bin\System.Reactive.Interfaces.dll" targetFilename="~\Bin\System.Reactive.Interfaces.dll" allowOverwrite="true" />
      <File sourceFilename="~\Bin\System.Reactive.Linq.dll" targetFilename="~\Bin\System.Reactive.Linq.dll" allowOverwrite="true" />
      <File sourceFilename="~\Bin\System.Reactive.PlatformServices.dll" targetFilename="~\Bin\System.Reactive.PlatformServices.dll" allowOverwrite="true" />
      <File sourceFilename="~\Bin\System.Reactive.Windows.Threading.dll" targetFilename="~\Bin\System.Reactive.Windows.Threading.dll" allowOverwrite="true" />
      <File sourceFilename="~\Bin\System.Threading.Tasks.Dataflow.dll" targetFilename="~\Bin\System.Threading.Tasks.Dataflow.dll" allowOverwrite="true" />
      <File sourceFilename="~\Bin\System.ValueTuple.dll" targetFilename="~\Bin\System.ValueTuple.dll" allowOverwrite="true" />
      <File sourceFilename="~\Bin\WampSharp.AspNet.WebSockets.Server.dll" targetFilename="~\Bin\WampSharp.AspNet.WebSockets.Server.dll" allowOverwrite="true" />
      <File sourceFilename="~\Bin\WampSharp.dll" targetFilename="~\Bin\WampSharp.dll" allowOverwrite="true" />
      <File sourceFilename="~\Bin\WampSharp.NewtonsoftJson.dll" targetFilename="~\Bin\WampSharp.NewtonsoftJson.dll" allowOverwrite="true" />
      <File sourceFilename="~\Bin\WampSharp.WebSockets.dll" targetFilename="~\Bin\WampSharp.WebSockets.dll" allowOverwrite="true" />
      <File sourceFilename="~\Composite\console.js" targetFilename="~\Composite\console.js" allowOverwrite="true" />
      <File sourceFilename="~\Composite\console.js.map" targetFilename="~\Composite\console.js.map" allowOverwrite="true" />
      <File sourceFilename="~\Composite\console\console.js" targetFilename="~\Composite\console\console.js" allowOverwrite="true" />
      <File sourceFilename="~\Composite\console\iconIndex.js" targetFilename="~\Composite\console\iconIndex.js" allowOverwrite="true" />
      <File sourceFilename="~\Composite\console\icons.svg" targetFilename="~\Composite\console\icons.svg" allowOverwrite="true" />
      <File sourceFilename="~\Composite\console\index.html" targetFilename="~\Composite\console\index.html" allowOverwrite="true" />
      <File sourceFilename="~\Composite\console\README.txt" targetFilename="~\Composite\console\README.txt" allowOverwrite="true" />
      <File sourceFilename="~\Composite\console\Tree.xml" targetFilename="~\Composite\console\Tree.xml" allowOverwrite="true" />
      <File sourceFilename="~\Composite\console\access\postFrame.js" targetFilename="~\Composite\console\access\postFrame.js" allowOverwrite="true" />
      <File sourceFilename="~\Composite\console\access\requestJSON.js" targetFilename="~\Composite\console\access\requestJSON.js" allowOverwrite="true" />
      <File sourceFilename="~\Composite\console\access\utils.js" targetFilename="~\Composite\console\access\utils.js" allowOverwrite="true" />
      <File sourceFilename="~\Composite\console\access\wampClient.js" targetFilename="~\Composite\console\access\wampClient.js" allowOverwrite="true" />
      <File sourceFilename="~\Composite\console\access\wampTest.js" targetFilename="~\Composite\console\access\wampTest.js" allowOverwrite="true" />
      <File sourceFilename="~\Composite\console\components\colors.js" targetFilename="~\Composite\console\components\colors.js" allowOverwrite="true" />
      <File sourceFilename="~\Composite\console\components\container\ConnectDialog.js" targetFilename="~\Composite\console\components\container\ConnectDialog.js" allowOverwrite="true" />
      <File sourceFilename="~\Composite\console\components\container\ConnectDockPanel.js" targetFilename="~\Composite\console\components\container\ConnectDockPanel.js" allowOverwrite="true" />
      <File sourceFilename="~\Composite\console\components\container\ConnectFormPanel.js" targetFilename="~\Composite\console\components\container\ConnectFormPanel.js" allowOverwrite="true" />
      <File sourceFilename="~\Composite\console\components\container\ConnectLogPanel.js" targetFilename="~\Composite\console\components\container\ConnectLogPanel.js" allowOverwrite="true" />
      <File sourceFilename="~\Composite\console\components\container\ConnectSearchPage.js" targetFilename="~\Composite\console\components\container\ConnectSearchPage.js" allowOverwrite="true" />
      <File sourceFilename="~\Composite\console\components\container\ConnectTabPanel.js" targetFilename="~\Composite\console\components\container\ConnectTabPanel.js" allowOverwrite="true" />
      <File sourceFilename="~\Composite\console\components\container\ConnectToolbarFrame.js" targetFilename="~\Composite\console\components\container\ConnectToolbarFrame.js" allowOverwrite="true" />
      <File sourceFilename="~\Composite\console\components\presentation\ActionButton.js" targetFilename="~\Composite\console\components\presentation\ActionButton.js" allowOverwrite="true" />
      <File sourceFilename="~\Composite\console\components\presentation\Checkbox.js" targetFilename="~\Composite\console\components\presentation\Checkbox.js" allowOverwrite="true" />
      <File sourceFilename="~\Composite\console\components\presentation\CheckboxGroup.js" targetFilename="~\Composite\console\components\presentation\CheckboxGroup.js" allowOverwrite="true" />
      <File sourceFilename="~\Composite\console\components\presentation\DataField.js" targetFilename="~\Composite\console\components\presentation\DataField.js" allowOverwrite="true" />
      <File sourceFilename="~\Composite\console\components\presentation\DataFieldLabel.js" targetFilename="~\Composite\console\components\presentation\DataFieldLabel.js" allowOverwrite="true" />
      <File sourceFilename="~\Composite\console\components\presentation\DataFieldWrapper.js" targetFilename="~\Composite\console\components\presentation\DataFieldWrapper.js" allowOverwrite="true" />
      <File sourceFilename="~\Composite\console\components\presentation\Dialog.js" targetFilename="~\Composite\console\components\presentation\Dialog.js" allowOverwrite="true" />
      <File sourceFilename="~\Composite\console\components\presentation\Fieldset.js" targetFilename="~\Composite\console\components\presentation\Fieldset.js" allowOverwrite="true" />
      <File sourceFilename="~\Composite\console\components\presentation\FormTab.js" targetFilename="~\Composite\console\components\presentation\FormTab.js" allowOverwrite="true" />
      <File sourceFilename="~\Composite\console\components\presentation\HelpIcon.js" targetFilename="~\Composite\console\components\presentation\HelpIcon.js" allowOverwrite="true" />
      <File sourceFilename="~\Composite\console\components\presentation\Icon.js" targetFilename="~\Composite\console\components\presentation\Icon.js" allowOverwrite="true" />
      <File sourceFilename="~\Composite\console\components\presentation\Input.js" targetFilename="~\Composite\console\components\presentation\Input.js" allowOverwrite="true" />
      <File sourceFilename="~\Composite\console\components\presentation\LogPanel.js" targetFilename="~\Composite\console\components\presentation\LogPanel.js" allowOverwrite="true" />
      <File sourceFilename="~\Composite\console\components\presentation\Palette.js" targetFilename="~\Composite\console\components\presentation\Palette.js" allowOverwrite="true" />
      <File sourceFilename="~\Composite\console\components\presentation\ScrollBox.js" targetFilename="~\Composite\console\components\presentation\ScrollBox.js" allowOverwrite="true" />
      <File sourceFilename="~\Composite\console\components\presentation\SearchFacets.js" targetFilename="~\Composite\console\components\presentation\SearchFacets.js" allowOverwrite="true" />
      <File sourceFilename="~\Composite\console\components\presentation\SearchPage.js" targetFilename="~\Composite\console\components\presentation\SearchPage.js" allowOverwrite="true" />
      <File sourceFilename="~\Composite\console\components\presentation\SearchResults.js" targetFilename="~\Composite\console\components\presentation\SearchResults.js" allowOverwrite="true" />
      <File sourceFilename="~\Composite\console\components\presentation\Select.js" targetFilename="~\Composite\console\components\presentation\Select.js" allowOverwrite="true" />
      <File sourceFilename="~\Composite\console\components\presentation\Spritesheet.js" targetFilename="~\Composite\console\components\presentation\Spritesheet.js" allowOverwrite="true" />
      <File sourceFilename="~\Composite\console\components\presentation\SwitchPanel.js" targetFilename="~\Composite\console\components\presentation\SwitchPanel.js" allowOverwrite="true" />
      <File sourceFilename="~\Composite\console\components\presentation\TabBar.js" targetFilename="~\Composite\console\components\presentation\TabBar.js" allowOverwrite="true" />
      <File sourceFilename="~\Composite\console\components\presentation\TextArea.js" targetFilename="~\Composite\console\components\presentation\TextArea.js" allowOverwrite="true" />
      <File sourceFilename="~\Composite\console\components\presentation\Toolbar.js" targetFilename="~\Composite\console\components\presentation\Toolbar.js" allowOverwrite="true" />
      <File sourceFilename="~\Composite\console\components\presentation\ToolbarFrame.js" targetFilename="~\Composite\console\components\presentation\ToolbarFrame.js" allowOverwrite="true" />
      <File sourceFilename="~\Composite\console\state\initState.js" targetFilename="~\Composite\console\state\initState.js" allowOverwrite="true" />
      <File sourceFilename="~\Composite\console\state\normalizingSchema.js" targetFilename="~\Composite\console\state\normalizingSchema.js" allowOverwrite="true" />
      <File sourceFilename="~\Composite\console\state\observers.js" targetFilename="~\Composite\console\state\observers.js" allowOverwrite="true" />
      <File sourceFilename="~\Composite\console\state\store.js" targetFilename="~\Composite\console\state\store.js" allowOverwrite="true" />
      <File sourceFilename="~\Composite\console\state\actions\fetchFromProvider.js" targetFilename="~\Composite\console\state\actions\fetchFromProvider.js" allowOverwrite="true" />
      <File sourceFilename="~\Composite\console\state\actions\fireAction.js" targetFilename="~\Composite\console\state\actions\fireAction.js" allowOverwrite="true" />
      <File sourceFilename="~\Composite\console\state\actions\loadAndOpen.js" targetFilename="~\Composite\console\state\actions\loadAndOpen.js" allowOverwrite="true" />
      <File sourceFilename="~\Composite\console\state\actions\logs.js" targetFilename="~\Composite\console\state\actions\logs.js" allowOverwrite="true" />
      <File sourceFilename="~\Composite\console\state\actions\pageDefs.js" targetFilename="~\Composite\console\state\actions\pageDefs.js" allowOverwrite="true" />
      <File sourceFilename="~\Composite\console\state\actions\values.js" targetFilename="~\Composite\console\state\actions\values.js" allowOverwrite="true" />
      <File sourceFilename="~\Composite\console\state\reducers\activity.js" targetFilename="~\Composite\console\state\reducers\activity.js" allowOverwrite="true" />
      <File sourceFilename="~\Composite\console\state\reducers\dataFields.js" targetFilename="~\Composite\console\state\reducers\dataFields.js" allowOverwrite="true" />
      <File sourceFilename="~\Composite\console\state\reducers\definitions.js" targetFilename="~\Composite\console\state\reducers\definitions.js" allowOverwrite="true" />
      <File sourceFilename="~\Composite\console\state\reducers\dialog.js" targetFilename="~\Composite\console\state\reducers\dialog.js" allowOverwrite="true" />
      <File sourceFilename="~\Composite\console\state\reducers\layout.js" targetFilename="~\Composite\console\state\reducers\layout.js" allowOverwrite="true" />
      <File sourceFilename="~\Composite\console\state\reducers\logs.js" targetFilename="~\Composite\console\state\reducers\logs.js" allowOverwrite="true" />
      <File sourceFilename="~\Composite\console\state\reducers\options.js" targetFilename="~\Composite\console\state\reducers\options.js" allowOverwrite="true" />
      <File sourceFilename="~\Composite\console\state\reducers\providers.js" targetFilename="~\Composite\console\state\reducers\providers.js" allowOverwrite="true" />
      <File sourceFilename="~\Composite\console\state\selectors\dialogSelector.js" targetFilename="~\Composite\console\state\selectors\dialogSelector.js" allowOverwrite="true" />
      <File sourceFilename="~\Composite\console\state\selectors\formSelector.js" targetFilename="~\Composite\console\state\selectors\formSelector.js" allowOverwrite="true" />
      <File sourceFilename="~\Composite\console\state\selectors\layoutSelector.js" targetFilename="~\Composite\console\state\selectors\layoutSelector.js" allowOverwrite="true" />
      <File sourceFilename="~\Composite\console\state\selectors\logSelector.js" targetFilename="~\Composite\console\state\selectors\logSelector.js" allowOverwrite="true" />
      <File sourceFilename="~\Composite\console\state\selectors\pageSelector.js" targetFilename="~\Composite\console\state\selectors\pageSelector.js" allowOverwrite="true" />
      <File sourceFilename="~\Composite\console\state\selectors\paletteDialogSelector.js" targetFilename="~\Composite\console\state\selectors\paletteDialogSelector.js" allowOverwrite="true" />
      <File sourceFilename="~\Composite\console\state\selectors\searchSelector.js" targetFilename="~\Composite\console\state\selectors\searchSelector.js" allowOverwrite="true" />
      <File sourceFilename="~\Composite\console\state\selectors\tabSelector.js" targetFilename="~\Composite\console\state\selectors\tabSelector.js" allowOverwrite="true" />
      <File sourceFilename="~\Composite\console\state\selectors\toolbarPropsSelector.js" targetFilename="~\Composite\console\state\selectors\toolbarPropsSelector.js" allowOverwrite="true" />
      <File sourceFilename="~\Composite\console\state\selectors\toolbarSelector.js" targetFilename="~\Composite\console\state\selectors\toolbarSelector.js" allowOverwrite="true" />
      <File sourceFilename="~\Composite\content\branding\company-logo-branded.inc" targetFilename="~\Composite\content\branding\company-logo-branded.inc" allowOverwrite="true" />
      <File sourceFilename="~\Composite\content\branding\company-logo.inc" targetFilename="~\Composite\content\branding\company-logo.inc" allowOverwrite="true" />
      <File sourceFilename="~\Composite\content\forms\Administrative\DeletePage_ConfirmAllVersionsDeletion.xml" targetFilename="~\Composite\content\forms\Administrative\DeletePage_ConfirmAllVersionsDeletion.xml" allowOverwrite="true" />
      <File sourceFilename="~\Composite\content\forms\Administrative\Hostnames.xml" targetFilename="~\Composite\content\forms\Administrative\Hostnames.xml" allowOverwrite="true" />
      <File sourceFilename="~\Composite\content\forms\Administrative\SetTimeZone_select.xml" targetFilename="~\Composite\content\forms\Administrative\SetTimeZone_select.xml" allowOverwrite="true" />
      <File sourceFilename="~\Composite\content\forms\Administrative\UrlConfiguration.xml" targetFilename="~\Composite\content\forms\Administrative\UrlConfiguration.xml" allowOverwrite="true" />
      <File sourceFilename="~\Composite\content\forms\Administrative\WebsiteFileElementProviderUploadAndExtractZipFile.xml" targetFilename="~\Composite\content\forms\Administrative\WebsiteFileElementProviderUploadAndExtractZipFile.xml" allowOverwrite="true" />
      <File sourceFilename="~\Composite\content\misc\editors\codemirroreditor\codemirrorfindandreplace.aspx" targetFilename="~\Composite\content\misc\editors\codemirroreditor\codemirrorfindandreplace.aspx" allowOverwrite="true" />
      <File sourceFilename="~\Composite\content\misc\editors\codemirroreditor\codemirrorfindandreplace.js" targetFilename="~\Composite\content\misc\editors\codemirroreditor\codemirrorfindandreplace.js" allowOverwrite="true" />
      <File sourceFilename="~\Composite\content\misc\editors\codemirroreditor\bindings\SourceEditorFindAndReplaceToolBarButtonBinding.js" targetFilename="~\Composite\content\misc\editors\codemirroreditor\bindings\SourceEditorFindAndReplaceToolBarButtonBinding.js" allowOverwrite="true" />
      <File sourceFilename="~\Composite\content\misc\editors\codemirroreditor\bindings\SourceEditorToggleWordWrapToolbarButtonBinding.js" targetFilename="~\Composite\content\misc\editors\codemirroreditor\bindings\SourceEditorToggleWordWrapToolbarButtonBinding.js" allowOverwrite="true" />
      <File sourceFilename="~\Composite\content\misc\editors\resxeditor\resxeditor.aspx" targetFilename="~\Composite\content\misc\editors\resxeditor\resxeditor.aspx" allowOverwrite="true" />
      <File sourceFilename="~\Composite\content\misc\editors\resxeditor\resxeditor.aspx.cs" targetFilename="~\Composite\content\misc\editors\resxeditor\resxeditor.aspx.cs" allowOverwrite="true" />
      <File sourceFilename="~\Composite\content\misc\editors\resxeditor\resxeditor.aspx.designer.cs" targetFilename="~\Composite\content\misc\editors\resxeditor\resxeditor.aspx.designer.cs" allowOverwrite="true" />
      <File sourceFilename="~\Composite\content\misc\editors\resxeditor\resxeditor.css" targetFilename="~\Composite\content\misc\editors\resxeditor\resxeditor.css" allowOverwrite="true" />
      <File sourceFilename="~\Composite\content\misc\editors\resxeditor\Bindings\RowContainerBinding.js" targetFilename="~\Composite\content\misc\editors\resxeditor\Bindings\RowContainerBinding.js" allowOverwrite="true" />
      <File sourceFilename="~\Composite\content\misc\editors\visualeditor\tinymce\plugins\compositecomponent\plugin.min.js" targetFilename="~\Composite\content\misc\editors\visualeditor\tinymce\plugins\compositecomponent\plugin.min.js" allowOverwrite="true" />
      <File sourceFilename="~\Composite\content\misc\editors\visualeditor\tinymce\plugins\compositesearchandreplace\plugin.min.js" targetFilename="~\Composite\content\misc\editors\visualeditor\tinymce\plugins\compositesearchandreplace\plugin.min.js" allowOverwrite="true" />
      <File sourceFilename="~\Composite\content\misc\editors\visualeditor\tinymce\plugins\compositesearchandreplace\visualsearchandreplace.aspx" targetFilename="~\Composite\content\misc\editors\visualeditor\tinymce\plugins\compositesearchandreplace\visualsearchandreplace.aspx" allowOverwrite="true" />
      <File sourceFilename="~\Composite\content\misc\editors\visualeditor\tinymce\plugins\compositesearchandreplace\VisualSearchAndReplace.js" targetFilename="~\Composite\content\misc\editors\visualeditor\tinymce\plugins\compositesearchandreplace\VisualSearchAndReplace.js" allowOverwrite="true" />
      <File sourceFilename="~\Composite\content\misc\editors\visualeditor\tinymce\plugins\searchreplace\plugin.min.js" targetFilename="~\Composite\content\misc\editors\visualeditor\tinymce\plugins\searchreplace\plugin.min.js" allowOverwrite="true" />
      <File sourceFilename="~\Composite\content\views\publishworkflowstatus\bindings\SortButtonBinding.js" targetFilename="~\Composite\content\views\publishworkflowstatus\bindings\SortButtonBinding.js" allowOverwrite="true" />
      <File sourceFilename="~\Composite\content\views\publishworkflowstatus\bindings\UnpublishedPageBinding.js" targetFilename="~\Composite\content\views\publishworkflowstatus\bindings\UnpublishedPageBinding.js" allowOverwrite="true" />
      <File sourceFilename="~\Composite\content\views\simplesearch\SimpleSearch.cshtml" targetFilename="~\Composite\content\views\simplesearch\SimpleSearch.cshtml" allowOverwrite="true" />
      <File sourceFilename="~\Composite\controls\FormsControls\FormUiControlTemplates\Selectors\HierarchicalSelector.ascx" targetFilename="~\Composite\controls\FormsControls\FormUiControlTemplates\Selectors\HierarchicalSelector.ascx" allowOverwrite="true" />
      <File sourceFilename="~\Composite\controls\FormsControls\FormUiControlTemplates\Selectors\SvgIconSelector.ascx" targetFilename="~\Composite\controls\FormsControls\FormUiControlTemplates\Selectors\SvgIconSelector.ascx" allowOverwrite="true" />
      <File sourceFilename="~\Composite\images\logo-dark.png" targetFilename="~\Composite\images\logo-dark.png" allowOverwrite="true" />
      <File sourceFilename="~\Composite\images\Orckestra-Black.svg" targetFilename="~\Composite\images\Orckestra-Black.svg" allowOverwrite="true" />
      <File sourceFilename="~\Composite\lib\autobahnjs\autobahn.js" targetFilename="~\Composite\lib\autobahnjs\autobahn.js" allowOverwrite="true" />
      <File sourceFilename="~\Composite\lib\babel\browser-polyfill.js" targetFilename="~\Composite\lib\babel\browser-polyfill.js" allowOverwrite="true" />
      <File sourceFilename="~\Composite\lib\codemirror\addon\search\match-highlighter.js" targetFilename="~\Composite\lib\codemirror\addon\search\match-highlighter.js" allowOverwrite="true" />
      <File sourceFilename="~\Composite\lib\codemirror\addon\search\matchesonscrollbar.css" targetFilename="~\Composite\lib\codemirror\addon\search\matchesonscrollbar.css" allowOverwrite="true" />
      <File sourceFilename="~\Composite\lib\codemirror\addon\search\matchesonscrollbar.js" targetFilename="~\Composite\lib\codemirror\addon\search\matchesonscrollbar.js" allowOverwrite="true" />
      <File sourceFilename="~\Composite\lib\codemirror\addon\search\search.js" targetFilename="~\Composite\lib\codemirror\addon\search\search.js" allowOverwrite="true" />
      <File sourceFilename="~\Composite\lib\codemirror\addon\search\searchcursor.js" targetFilename="~\Composite\lib\codemirror\addon\search\searchcursor.js" allowOverwrite="true" />
      <File sourceFilename="~\Composite\lib\promise\promise.js" targetFilename="~\Composite\lib\promise\promise.js" allowOverwrite="true" />
      <File sourceFilename="~\Composite\localization\Composite.Plugins.Components.en-us.xml" targetFilename="~\Composite\localization\Composite.Plugins.Components.en-us.xml" allowOverwrite="true" />
      <File sourceFilename="~\Composite\localization\Composite.Plugins.TimezoneAbbreviations.en-us.xml" targetFilename="~\Composite\localization\Composite.Plugins.TimezoneAbbreviations.en-us.xml" allowOverwrite="true" />
      <File sourceFilename="~\Composite\localization\Composite.Plugins.TimezoneDisplayNames.en-us.xml" targetFilename="~\Composite\localization\Composite.Plugins.TimezoneDisplayNames.en-us.xml" allowOverwrite="true" />
      <File sourceFilename="~\Composite\localization\Composite.Search.en-us.xml" targetFilename="~\Composite\localization\Composite.Search.en-us.xml" allowOverwrite="true" />
      <File sourceFilename="~\Composite\localization\MimeTypes.en-us.xml" targetFilename="~\Composite\localization\MimeTypes.en-us.xml" allowOverwrite="true" />
      <File sourceFilename="~\Composite\localization\Orckestra.Tools.UrlConfiguration.en-us.xml" targetFilename="~\Composite\localization\Orckestra.Tools.UrlConfiguration.en-us.xml" allowOverwrite="true" />
      <File sourceFilename="~\Composite\services\Admin\HighlightJs\highlight.pack.js" targetFilename="~\Composite\services\Admin\HighlightJs\highlight.pack.js" allowOverwrite="true" />
      <File sourceFilename="~\Composite\services\Admin\HighlightJs\LICENSE" targetFilename="~\Composite\services\Admin\HighlightJs\LICENSE" allowOverwrite="true" />
      <File sourceFilename="~\Composite\services\Admin\HighlightJs\readme.txt" targetFilename="~\Composite\services\Admin\HighlightJs\readme.txt" allowOverwrite="true" />
      <File sourceFilename="~\Composite\services\Admin\HighlightJs\vs.css" targetFilename="~\Composite\services\Admin\HighlightJs\vs.css" allowOverwrite="true" />
      <File sourceFilename="~\Composite\services\Setup\web.config" targetFilename="~\Composite\services\Setup\web.config" allowOverwrite="true" />
    </Files></mi:Add>


    <mi:Add installerType="UpgradeFragmentInstallers.FileDeleterPackageFragmentInstaller, UpgradeFragmentInstallers" uninstallerType="UpgradeFragmentInstallers.FileDeleterPackageFragmentUninstaller, UpgradeFragmentInstallers"><RemoveFiles>
      <RemoveFile filename="~\Bin\Microsoft.CodeDom.Providers.DotNetCompilerPlatform.dll" />
      <RemoveFile filename="~\Bin\Microsoft.Framework.DependencyInjection.Abstractions.dll" />
      <RemoveFile filename="~\Bin\Microsoft.Framework.DependencyInjection.dll" />
      <RemoveFile filename="~\Composite\content\dialogs\treeselector\special\imageselector.aspx" />
      <RemoveFile filename="~\Composite\content\dialogs\treeselector\special\imageselector.css" />
      <RemoveFile filename="~\Composite\content\dialogs\treeselector\special\ImageSelectorDialogPageBinding.js" />
      <RemoveFile filename="~\Composite\content\dialogs\treeselector\special\treeactionselector.aspx" />
      <RemoveFile filename="~\Composite\content\misc\editors\visualeditor\tinymce\license.txt" />
      <RemoveFile filename="~\Composite\content\misc\editors\visualeditor\tinymce\langs\readme.md" />
      <RemoveFile filename="~\Composite\content\views\browser\BrowserPathBinding.js" />
      <RemoveFile filename="~\Composite\content\views\browser\BrowserTabBinding.js" />
      <RemoveFile filename="~\Composite\content\views\publishworkflowstatus\ViewUnpublishedItems.aspx.designer.cs" />
    </RemoveFiles></mi:Add>


    <mi:Add installerType="UpgradeFragmentInstallers.ZipFileMergerPackageFragmentInstaller, UpgradeFragmentInstallers" uninstallerType="UpgradeFragmentInstallers.ZipFileMergerPackageFragmentUnnstaller, UpgradeFragmentInstallers"><ZipFiles>
    </ZipFiles></mi:Add>


    <mi:Add installerType="Composite.Core.PackageSystem.PackageFragmentInstallers.FileXslTransformationPackageFragmentInstaller, Composite" uninstallerType="Composite.Core.PackageSystem.PackageFragmentInstallers.FileXslTransformationPackageFragmentUninstaller, Composite" />


    
        <!-- Patch Package Builder inserted fragment installers end -->


      <!-- DllPackageFragmentInstaller install a DLL only if it is of a newer version -->
      <mi:Add installerType="Composite.Core.PackageSystem.PackageFragmentInstallers.DllPackageFragmentInstaller, Composite">
        <Files>
          <File sourceFilename="~\Files\Bin\System.Net.Http.Formatting.dll" targetFilename="~\Bin\System.Net.Http.Formatting.dll" allowOverwrite="true" />
					<File sourceFilename="~\Files\Bin\Newtonsoft.Json.dll" targetFilename="~\Bin\Newtonsoft.Json.dll" allowOverwrite="true" />
				</Files>
      </mi:Add>

      <mi:Add installerType="Composite.Core.PackageSystem.PackageFragmentInstallers.FilePackageFragmentInstaller, Composite">
        <Files>
					<File sourceFilename="~\Files\Frontend\Composite\Forms\Renderer\Widgets\DateTimeSelectors\DateSelector.ascx" targetFilename="~\Frontend\Composite\Forms\Renderer\Widgets\DateTimeSelectors\DateSelector.ascx" onlyUpdate="true" />

					<File sourceFilename="~\Files\Frontend\Composite\Forms\Renderer\Widgets\Selectors\Selector.ascx" targetFilename="~\Frontend\Composite\Forms\Renderer\Widgets\Selectors\Selector.ascx" onlyUpdate="true" />

					<File sourceFilename="~\Files\Frontend\Composite\Forms\Renderer\Widgets\Selectors\MultiKeySelector.ascx" targetFilename="~\Frontend\Composite\Forms\Renderer\Widgets\Selectors\MultiKeySelector.ascx" onlyUpdate="true" />
        </Files>
      </mi:Add>

      <mi:Add installerType="UpgradePackage.FixGlobalAsaxFragmentInstaller, UpgradePackage" />

    </mi:PackageFragmentInstallers>
</mi:PackageInstaller>