﻿<entities>
  <entity name="nbsp" xmlsafe="&#160;"/>
  <entity name="iexcl" xmlsafe="¡"/>
  <entity name="cent" xmlsafe="¢"/>
  <entity name="pound" xmlsafe="£"/>
  <entity name="curren" xmlsafe="¤"/>
  <entity name="yen" xmlsafe="¥"/>
  <entity name="brvbar" xmlsafe="¦"/>
  <entity name="sect" xmlsafe="§"/>
  <entity name="uml" xmlsafe="¨"/>
  <entity name="copy" xmlsafe="©"/>
  <entity name="ordf" xmlsafe="ª"/>
  <entity name="laquo" xmlsafe="«"/>
  <entity name="not" xmlsafe="¬"/>
  <entity name="shy" xmlsafe=""/>
  <entity name="reg" xmlsafe="®"/>
  <entity name="macr" xmlsafe="¯"/>
  <entity name="deg" xmlsafe="°"/>
  <entity name="plusmn" xmlsafe="±"/>
  <entity name="sup2" xmlsafe="²"/>
  <entity name="sup3" xmlsafe="³"/>
  <entity name="acute" xmlsafe="´"/>
  <entity name="micro" xmlsafe="µ"/>
  <entity name="para" xmlsafe="¶"/>
  <entity name="middot" xmlsafe="·"/>
  <entity name="cedil" xmlsafe="¸"/>
  <entity name="sup1" xmlsafe="¹"/>
  <entity name="ordm" xmlsafe="º"/>
  <entity name="raquo" xmlsafe="»"/>
  <entity name="frac14" xmlsafe="¼"/>
  <entity name="frac12" xmlsafe="½"/>
  <entity name="frac34" xmlsafe="¾"/>
  <entity name="iquest" xmlsafe="¿"/>
  <entity name="Agrave" xmlsafe="À"/>
  <entity name="Aacute" xmlsafe="Á"/>
  <entity name="Acirc" xmlsafe="Â"/>
  <entity name="Atilde" xmlsafe="Ã"/>
  <entity name="Auml" xmlsafe="Ä"/>
  <entity name="Aring" xmlsafe="Å"/>
  <entity name="AElig" xmlsafe="Æ"/>
  <entity name="Ccedil" xmlsafe="Ç"/>
  <entity name="Egrave" xmlsafe="È"/>
  <entity name="Eacute" xmlsafe="É"/>
  <entity name="Ecirc" xmlsafe="Ê"/>
  <entity name="Euml" xmlsafe="Ë"/>
  <entity name="Igrave" xmlsafe="Ì"/>
  <entity name="Iacute" xmlsafe="Í"/>
  <entity name="Icirc" xmlsafe="Î"/>
  <entity name="Iuml" xmlsafe="Ï"/>
  <entity name="ETH" xmlsafe="Ð"/>
  <entity name="Ntilde" xmlsafe="Ñ"/>
  <entity name="Ograve" xmlsafe="Ò"/>
  <entity name="Oacute" xmlsafe="Ó"/>
  <entity name="Ocirc" xmlsafe="Ô"/>
  <entity name="Otilde" xmlsafe="Õ"/>
  <entity name="Ouml" xmlsafe="Ö"/>
  <entity name="times" xmlsafe="×"/>
  <entity name="Oslash" xmlsafe="Ø"/>
  <entity name="Ugrave" xmlsafe="Ù"/>
  <entity name="Uacute" xmlsafe="Ú"/>
  <entity name="Ucirc" xmlsafe="Û"/>
  <entity name="Uuml" xmlsafe="Ü"/>
  <entity name="Yacute" xmlsafe="Ý"/>
  <entity name="THORN" xmlsafe="Þ"/>
  <entity name="szlig" xmlsafe="ß"/>
  <entity name="agrave" xmlsafe="à"/>
  <entity name="aacute" xmlsafe="á"/>
  <entity name="acirc" xmlsafe="â"/>
  <entity name="atilde" xmlsafe="ã"/>
  <entity name="auml" xmlsafe="ä"/>
  <entity name="aring" xmlsafe="å"/>
  <entity name="aelig" xmlsafe="æ"/>
  <entity name="ccedil" xmlsafe="ç"/>
  <entity name="egrave" xmlsafe="è"/>
  <entity name="eacute" xmlsafe="é"/>
  <entity name="ecirc" xmlsafe="ê"/>
  <entity name="euml" xmlsafe="ë"/>
  <entity name="igrave" xmlsafe="ì"/>
  <entity name="iacute" xmlsafe="í"/>
  <entity name="icirc" xmlsafe="î"/>
  <entity name="iuml" xmlsafe="ï"/>
  <entity name="eth" xmlsafe="ð"/>
  <entity name="ntilde" xmlsafe="ñ"/>
  <entity name="ograve" xmlsafe="ò"/>
  <entity name="oacute" xmlsafe="ó"/>
  <entity name="ocirc" xmlsafe="ô"/>
  <entity name="otilde" xmlsafe="õ"/>
  <entity name="ouml" xmlsafe="ö"/>
  <entity name="divide" xmlsafe="÷"/>
  <entity name="oslash" xmlsafe="ø"/>
  <entity name="ugrave" xmlsafe="ù"/>
  <entity name="uacute" xmlsafe="ú"/>
  <entity name="ucirc" xmlsafe="û"/>
  <entity name="uuml" xmlsafe="ü"/>
  <entity name="yacute" xmlsafe="ý"/>
  <entity name="thorn" xmlsafe="þ"/>
  <entity name="yuml" xmlsafe="ÿ"/>
  <entity name="OElig" xmlsafe="Œ"/>
  <entity name="oelig" xmlsafe="œ"/>
  <entity name="Scaron" xmlsafe="Š"/>
  <entity name="scaron" xmlsafe="š"/>
  <entity name="Yuml" xmlsafe="Ÿ"/>
  <entity name="fnof" xmlsafe="ƒ"/>
  <entity name="circ" xmlsafe="ˆ"/>
  <entity name="tilde" xmlsafe="˜"/>
  <entity name="Alpha" xmlsafe="Α"/>
  <entity name="Beta" xmlsafe="Β"/>
  <entity name="Gamma" xmlsafe="Γ"/>
  <entity name="Delta" xmlsafe="Δ"/>
  <entity name="Epsilon" xmlsafe="Ε"/>
  <entity name="Zeta" xmlsafe="Ζ"/>
  <entity name="Eta" xmlsafe="Η"/>
  <entity name="Theta" xmlsafe="Θ"/>
  <entity name="Iota" xmlsafe="Ι"/>
  <entity name="Kappa" xmlsafe="Κ"/>
  <entity name="Lambda" xmlsafe="Λ"/>
  <entity name="Mu" xmlsafe="Μ"/>
  <entity name="Nu" xmlsafe="Ν"/>
  <entity name="Xi" xmlsafe="Ξ"/>
  <entity name="Omicron" xmlsafe="Ο"/>
  <entity name="Pi" xmlsafe="Π"/>
  <entity name="Rho" xmlsafe="Ρ"/>
  <entity name="Sigma" xmlsafe="Σ"/>
  <entity name="Tau" xmlsafe="Τ"/>
  <entity name="Upsilon" xmlsafe="Υ"/>
  <entity name="Phi" xmlsafe="Φ"/>
  <entity name="Chi" xmlsafe="Χ"/>
  <entity name="Psi" xmlsafe="Ψ"/>
  <entity name="Omega" xmlsafe="Ω"/>
  <entity name="alpha" xmlsafe="α"/>
  <entity name="beta" xmlsafe="β"/>
  <entity name="gamma" xmlsafe="γ"/>
  <entity name="delta" xmlsafe="δ"/>
  <entity name="epsilon" xmlsafe="ε"/>
  <entity name="zeta" xmlsafe="ζ"/>
  <entity name="eta" xmlsafe="η"/>
  <entity name="theta" xmlsafe="θ"/>
  <entity name="iota" xmlsafe="ι"/>
  <entity name="kappa" xmlsafe="κ"/>
  <entity name="lambda" xmlsafe="λ"/>
  <entity name="mu" xmlsafe="μ"/>
  <entity name="nu" xmlsafe="ν"/>
  <entity name="xi" xmlsafe="ξ"/>
  <entity name="omicron" xmlsafe="ο"/>
  <entity name="pi" xmlsafe="π"/>
  <entity name="rho" xmlsafe="ρ"/>
  <entity name="sigmaf" xmlsafe="ς"/>
  <entity name="sigma" xmlsafe="σ"/>
  <entity name="tau" xmlsafe="τ"/>
  <entity name="upsilon" xmlsafe="υ"/>
  <entity name="phi" xmlsafe="φ"/>
  <entity name="chi" xmlsafe="χ"/>
  <entity name="psi" xmlsafe="ψ"/>
  <entity name="omega" xmlsafe="ω"/>
  <entity name="thetasym" xmlsafe="ϑ"/>
  <entity name="upsih" xmlsafe="ϒ"/>
  <entity name="piv" xmlsafe="ϖ"/>
  <entity name="ndash" xmlsafe="–"/>
  <entity name="mdash" xmlsafe="—"/>
  <entity name="lsquo" xmlsafe="‘"/>
  <entity name="rsquo" xmlsafe="’"/>
  <entity name="sbquo" xmlsafe="‚"/>
  <entity name="ldquo" xmlsafe="“"/>
  <entity name="rdquo" xmlsafe="”"/>
  <entity name="bdquo" xmlsafe="„"/>
  <entity name="dagger" xmlsafe="†"/>
  <entity name="Dagger" xmlsafe="‡"/>
  <entity name="bull" xmlsafe="•"/>
  <entity name="hellip" xmlsafe="…"/>
  <entity name="permil" xmlsafe="‰"/>
  <entity name="prime" xmlsafe="′"/>
  <entity name="Prime" xmlsafe="″"/>
  <entity name="lsaquo" xmlsafe="‹"/>
  <entity name="rsaquo" xmlsafe="›"/>
  <entity name="oline" xmlsafe="‾"/>
  <entity name="frasl" xmlsafe="⁄"/>
  <entity name="euro" xmlsafe="€"/>
  <entity name="image" xmlsafe="ℑ"/>
  <entity name="weierp" xmlsafe="℘"/>
  <entity name="real" xmlsafe="ℜ"/>
  <entity name="trade" xmlsafe="™"/>
  <entity name="alefsym" xmlsafe="ℵ"/>
  <entity name="larr" xmlsafe="←"/>
  <entity name="uarr" xmlsafe="↑"/>
  <entity name="rarr" xmlsafe="→"/>
  <entity name="darr" xmlsafe="↓"/>
  <entity name="harr" xmlsafe="↔"/>
  <entity name="crarr" xmlsafe="↵"/>
  <entity name="lArr" xmlsafe="⇐"/>
  <entity name="uArr" xmlsafe="⇑"/>
  <entity name="rArr" xmlsafe="⇒"/>
  <entity name="dArr" xmlsafe="⇓"/>
  <entity name="hArr" xmlsafe="⇔"/>
  <entity name="forall" xmlsafe="∀"/>
  <entity name="part" xmlsafe="∂"/>
  <entity name="exist" xmlsafe="∃"/>
  <entity name="empty" xmlsafe="∅"/>
  <entity name="nabla" xmlsafe="∇"/>
  <entity name="isin" xmlsafe="∈"/>
  <entity name="notin" xmlsafe="∉"/>
  <entity name="ni" xmlsafe="∋"/>
  <entity name="prod" xmlsafe="∏"/>
  <entity name="sum" xmlsafe="∑"/>
  <entity name="minus" xmlsafe="−"/>
  <entity name="lowast" xmlsafe="∗"/>
  <entity name="radic" xmlsafe="√"/>
  <entity name="prop" xmlsafe="∝"/>
  <entity name="infin" xmlsafe="∞"/>
  <entity name="ang" xmlsafe="∠"/>
  <entity name="and" xmlsafe="∧"/>
  <entity name="or" xmlsafe="∨"/>
  <entity name="cap" xmlsafe="∩"/>
  <entity name="cup" xmlsafe="∪"/>
  <entity name="int" xmlsafe="∫"/>
  <entity name="there4" xmlsafe="∴"/>
  <entity name="sim" xmlsafe="∼"/>
  <entity name="cong" xmlsafe="≅"/>
  <entity name="asymp" xmlsafe="≈"/>
  <entity name="ne" xmlsafe="≠"/>
  <entity name="equiv" xmlsafe="≡"/>
  <entity name="le" xmlsafe="≤"/>
  <entity name="ge" xmlsafe="≥"/>
  <entity name="sub" xmlsafe="⊂"/>
  <entity name="sup" xmlsafe="⊃"/>
  <entity name="nsub" xmlsafe="⊄"/>
  <entity name="sube" xmlsafe="⊆"/>
  <entity name="supe" xmlsafe="⊇"/>
  <entity name="oplus" xmlsafe="⊕"/>
  <entity name="otimes" xmlsafe="⊗"/>
  <entity name="perp" xmlsafe="⊥"/>
  <entity name="sdot" xmlsafe="⋅"/>
  <entity name="lceil" xmlsafe="⌈"/>
  <entity name="rceil" xmlsafe="⌉"/>
  <entity name="lfloor" xmlsafe="⌊"/>
  <entity name="rfloor" xmlsafe="⌋"/>
  <entity name="lang" xmlsafe="〈"/>
  <entity name="rang" xmlsafe="〉"/>
  <entity name="loz" xmlsafe="◊"/>
  <entity name="spades" xmlsafe="♠"/>
  <entity name="clubs" xmlsafe="♣"/>
  <entity name="hearts" xmlsafe="♥"/>
  <entity name="diams" xmlsafe="♦"/>
</entities>