<?xml version="1.0" encoding="utf-8"?>
<strings>
  <string key="AddNewPageStep1.DialogLabel" value="Add New Page" />
  <string key="AddNewPageStep1.DialogLabelFormat" value="Add New {0}" />
  <string key="GeneralSettings.FieldGroupLabel" value="General settings" />
  <string key="PublicationSettings.FieldGroupLabel" value="Publication settings" />
  <string key="AdvancedSettings.FieldGroupLabel" value="Advanced settings" />
  <string key="AddNewPageStep1.LabelTitle" value="Page title" />
  <string key="AddNewPageStep1.LabelTitleHelp" value="The entry specified in this field is shown in the browser window title bar. The field is used by search engines and sitemaps" />
  <string key="AddNewPageStep1.LabelAbstract" value="Description" />
  <string key="AddNewPageStep1.LabelAbstractHelp" value="Use this field for at short description of the page" />
  <string key="AddNewPageStep1.LabelTemplate" value="Page type" />
  <string key="AddNewPageStep1.HelpTemplate" value="The page type selection influences the behavior and features of your page, like 'a normal page' or 'a blog'. The options available depend on features installed." />
  <string key="AddNewPageStep1.LabelPosition" value="Position" />
  <string key="AddNewPageStep1.HelpPosition" value="Select where in the content tree you want the page to be placed." />
  <string key="AddNewPageStep1.LabelAddToTop" value="Insert at the top" />
  <string key="AddNewPageStep1.LabelAddToBottom" value="Insert at the bottom" />
  <string key="AddNewPageStep1.LabelAddAlphabetic" value="Insert alphabetically" />
  <string key="AddNewPageStep1.LabelAddBelowOtherPage" value="Select position..." />
  <string key="AddNewPageStep2.LabelUrlTitle" value="URL title" />
  <string key="AddNewPageStep2.HelpUrlTitle" value="The entry specified in this field is shown in the browser address bar. The field is used by search engines" />
  <string key="AddNewPageStep2.LabelMenuTitle" value="Menu title" />
  <string key="AddNewPageStep2.HelpMenuTitle" value="The entry specified in this field can be used in the navigation on the website" />
  <string key="AddNewPageStep2.LabelPositionSelectorPanel" value="Select detailed page position" />
  <string key="AddNewPageStep2.LabelPositionSelector" value="Position below" />
  <string key="AddNewPageStep2.HelpPositionSelector" value="" />
  <string key="AddNewPageStep1.TitleTooLong" value="The specified title is too long. Make it shorter and try again" />
  <string key="AddNewPageStep1.MenuTitleTooLong" value="The specified menu title is too long. Make it shorter and try again" />
  <string key="EditPage.LabelPaneSettings" value="Settings" />
  <string key="EditPage.LabelPublicationState" value="Status" />
  <string key="EditPage.HelpPublicationState" value="Send the page to another status" />
  <string key="EditPage.LabelPageTitle" value="Page title" />
  <string key="EditPage.LabelPageTitleHelp" value="The entry specified in this field is shown in the browser window title bar. The field is used by search engines and sitemaps" />
  <string key="EditPage.LabelMenuTitle" value="Menu title" />
  <string key="EditPage.HelpMenuTitle" value="The entry specified in this field can be used in the navigation on the website" />
  <string key="EditPage.LabelUrlTitle" value="URL title" />
  <string key="EditPage.UrlTitleFormattedTitle" value="URL title was rewritten" />
  <string key="EditPage.UrlTitleFormattedMessage" value="According to the current URL replacement rules, URL title was changed to '{0}'" />
  <string key="EditPage.HelpUrlTitle" value="The entry specified in this field is shown in the browser address bar as a part of the URL address. The field is used by search engines" />
  <string key="EditPage.LabelFriendlyUrl" value="Friendly URL" />
  <string key="EditPage.HelpFriendlyUrl" value="The entry specified in this field is a shorter version of the actual page URL and redirects to it, when entered in the browser address bar. Note that some servers may have to be configured to support this feature." />
  <string key="EditPage.LabelAbstract" value="Description" />
  <string key="EditPage.LabelAbstractHelp" value="Use this field for a short description of the page" />
  <string key="EditPage.LabelContent" value="Content" />
  <string key="EditPage.LabelPreview" value="Preview" />
  <string key="EditPage.PageTypeSelectorLabel" value="Page type" />
  <string key="EditPage.PageTypeSelectorHelp" value="The page type selection defines the role of the page, like 'a normal page' or 'a blog'. The options available depend on features installed." />
  <string key="EditPage.MaxLength" value="{0} characters maximum" />
  <string key="DeletePage.LabelFieldGroup" value="Delete page?" />
  <string key="DeletePageStep1.Title" value="Delete page and all subpages" />
  <string key="DeletePageStep1.Description" value="All subpages will also be deleted. Continue?" />
  <string key="DeletePageStep2.Text" value="Delete page '{0}'?" />
  <string key="UrlTitleNotUniqueError" value="Another page is using the specified URL title. URL titles must be unique among pages with the same parent." />
  <string key="UrlTitleNotValidError" value="The specified URL title contains invalid characters. Since this field is used to build the web address for the page, certain special characters (like question mark, slash and dot) are not allowed. You can use letters, digits and dash." />
  <string key="UrlTitleTooLong" value="The specified URL title is too long. Make it shorter and try again" />
  <string key="FriendlyUrlNotUniqueError" value="Another page is using the specified Friendly URL. Friendly URL's must be unique." />
  <string key="TitleMissingError" value="The title can not be empty." />
  <string key="PageSaveValidationFailedTitle" value="Page not saved" />
  <string key="PageSaveValidationFailedMessage" value="The page did not validate and has not been saved. Please examine field messages." />
  <string key="PageElementProvider.RootLabel" value="Websites" />
  <string key="PageElementProvider.RootLabelToolTip" value="Websites" />
  <string key="PageElementProvider.AddPageAtRoot" value="Add Website" />
  <string key="PageElementProvider.AddPageAtRootFormat" value="Add {0}" />
  <string key="PageElementProvider.AddPageAtRootToolTip" value="Add new homepage" />
  <string key="PageElementProvider.ViewUnpublishedItems" value="List Unpublished Content" />
  <string key="PageElementProvider.ViewUnpublishedItemsToolTip" value="Get an overview of pages and other content that haven't been published yet." />
  <string key="PageElementProvider.ViewUnpublishedItems-document-title" value="Unpublished Content" />
  <string key="PageElementProvider.ViewUnpublishedItems-document-description" value="The list below displays pages and other content which are currently in draft or are ready to be approved / published." />
  <string key="PageElementProvider.EditPage" value="Edit Page" />
  <string key="PageElementProvider.EditPageToolTip" value="Edit selected page" />
  <string key="PageElementProvider.Delete" value="Delete" />
  <string key="PageElementProvider.DeleteToolTip" value="Delete the selected page" />
  <string key="PageElementProvider.Duplicate" value="Duplicate Page" />
  <string key="PageElementProvider.DuplicateToolTip" value="Duplicate the selected page" />
  <string key="PageElementProvider.LocalizePage" value="Translate Page" />
  <string key="PageElementProvider.LocalizePageToolTip" value="Translate selected page" />
  <string key="PageElementProvider.AddSubPage" value="Add page" />
  <string key="PageElementProvider.AddSubPageFormat" value="Add {0}" />
  <string key="PageElementProvider.AddSubPageToolTip" value="Add new page below the selected" />
  <string key="PageElementProvider.DisplayLocalOrderingLabel" value="Show page local orderings" />
  <string key="PageElementProvider.DisplayLocalOrderingToolTip" value="Show page local orderings" />
  <string key="PageElementProvider.DisabledPage" value="Not yet approved or published" />
  <string key="PageElementProvider.MissingTemplateTitle" value="Website Template required" />
  <string key="PageElementProvider.MissingTemplateMessage" value="You should create a 'Page Template' first. Go to the 'Layout' perspective and create one." />
  <string key="PageElementProvider.MissingActiveLanguageTitle" value="Language required" />
  <string key="PageElementProvider.MissingActiveLanguageMessage" value="To add a page, you should firstly add at least one language. It can be done in the 'System' perspective." />
  <string key="PageElementProvider.NoPageTypesAvailableTitle" value="No page type available" />
  <string key="PageElementProvider.NoPageTypesAvailableMessage" value="You should create a 'Page Type' first. Go to the 'Layout' perspective and create one." />
  <string key="PageElementProvider.MissingPageTypeTitle" value="Page type required" />
  <string key="PageElementProvider.MissingPageTypeHomepageMessage" value="To create a homepage, a page type without the &quot;only subpages&quot; restriction is required, but none have been added yet. You can add one under the Layout perspective." />
  <string key="PageElementProvider.MissingPageTypeSubpageMessage" value="To create a subpage, a page type without the the only homepages restriction is required, but none have been added yet. You can add one under the Layout perspective." />
  <string key="PageElementProvider.RuleDontAllowPageAddTitle" value="Unable to add a page!" />
  <string key="PageElementProvider.RuleDontAllowPageAddMessage" value="The rules that define availability for Page Types prohibit adding a page here." />
  <string key="ManageHostNames.Add.DialogLabel" value="Manage host name" />
  <string key="ManageHostNames.Add.HeadingTitle" value="Add host name association to page" />
  <string key="ManageHostNames.Add.HeadingDescription" value="You can associate a host name (or a domain name) to a page by specifying it in the field below. Please note that the DNS settings for the specified host name must also be configured, which is done outside this system." />
  <string key="ManageHostNames.Add.FieldGroupLabel" value="Host name association to page" />
  <string key="ManageHostNames.Add.HostNameTextBoxLabel" value="Host name" />
  <string key="ManageHostNames.Add.HostNametextBoxHelp" value="Specify the host name (like 'www.composite.net' or 'composite.net') you want to associate with this page" />
  <string key="ManageHostNames.Add.InvalidHostNameSyntaxError" value="The syntax of the host name is not valid" />
  <string key="ManageHostNames.Add.HostNameNotUniqueError" value="This host name is already associated to a page. You must remove the existing association first." />
  <string key="ManageHostNames.Remove.DialogLabel" value="Manage host name" />
  <string key="ManageHostNames.Remove.FieldGroupLabel" value="Remove host name association from page" />
  <string key="ManageHostNames.Remove.MultiSelectorLabel" value="Host names to remove" />
  <string key="ManageHostNames.Remove.MultiSelectorHelp" value="The host names you select will no longer be associated with the page" />
  <string key="DeletePageWorkflow.MissingConfirmErrorMessage" value="Please confirm deletion of all sub pages" />
  <string key="DeletePageWorkflow.CascadeDeleteErrorTitle" value="Cascade delete error" />
  <string key="DeletePageWorkflow.CascadeDeleteErrorMessage" value="The page is referenced by another type that does not allow cascade deletes. This operation is halted" />
  <string key="DeletePageWorkflow.HasCompositionsTitle" value="Can not delete page" />
	<string key="DeletePageWorkflow.HasCompositionsMessage" value="This page has one or more page folders or metadata fields defined on it. Delete these first." />
	<string key="DeletePageWorkflow.ConfirmAllVersionsDeletion.DialogLabel" value="Delete page versions" />
	<string key="DeletePageWorkflow.ConfirmAllVersionsDeletion.Text" value="This page contains multiple versions" />
	<string key="DeletePageWorkflow.ConfirmAllVersionsDeletion.DeleteAllVersions" value="Delete all versions" />
	<string key="DeletePageWorkflow.ConfirmAllVersionsDeletion.DeleteCurrentVersion" value="Delete only current version" />
  <string key="ViewUnpublishedItems.PageTitleLabel" value="Title" />
  <string key="ViewUnpublishedItems.VersionLabel" value="Version" />
  <string key="ViewUnpublishedItems.StatusLabel" value="Status" />
  <string key="ViewUnpublishedItems.LabelChangedBy" value="Author" />
  <string key="ViewUnpublishedItems.PublishDateLabel" value="Publish Date" />
  <string key="ViewUnpublishedItems.PublishDateHelp" value="Date and time the page has been scheduled to publish automatically. To edit, see the Publication Schedule in Edit Page mode." />
  <string key="ViewUnpublishedItems.UnpublishDateLabel" value="Unpublish Date" />
  <string key="ViewUnpublishedItems.UnpublishDateHelp" value="Date and time the page has been scheduled to unpublish automatically. To edit, see the Publication Schedule in Edit Page mode." />
  <string key="ViewUnpublishedItems.DateCreatedLabel" value="Date Created" />
  <string key="ViewUnpublishedItems.DateModifiedLabel" value="Date Modified" />
  <string key="ViewUnpublishedItems.PublishConfirmTitle" value="Publish Pages" />
  <string key="ViewUnpublishedItems.PublishConfirmText" value="You are about to publish these pages. Continue?" />


</strings>
