﻿<?xml version="1.0" encoding="UTF-8"?>
<strings>
	<!-- change password -->
	<string key="ChangeOwnPasswordWorkflow.ElementActionLabel" value="Change Password..."/>
	<string key="ChangeOwnPasswordWorkflow.ElementActionToolTip" value="Change your password"/>
	<string key="ChangeOwnPasswordWorkflow.Dialog.Label" value="Change Password"/>
	<string key="ChangeOwnPasswordWorkflow.Dialog.ExistingPassword.Label" value="Existing password"/>
	<string key="ChangeOwnPasswordWorkflow.Dialog.ExistingPassword.Help" value="For security reasons you must present your existing password before you can continue."/>
	<string key="ChangeOwnPasswordWorkflow.Dialog.NewPassword.Label" value="New password"/>
	<string key="ChangeOwnPasswordWorkflow.Dialog.NewPassword.Help" value="The password specified in this field must match the confirmation below."/>
	<string key="ChangeOwnPasswordWorkflow.Dialog.NewPasswordConfirmed.Label" value="Confirm new password"/>
	<string key="ChangeOwnPasswordWorkflow.Dialog.NewPasswordConfirmed.Help" value="The password specified in this field must match the one specified above."/>
  <string key="ChangeOwnPasswordWorkflow.Dialog.Validation.IncorrectPassword" value="The specified password is incorrect."/>
  <string key="ChangeOwnPasswordWorkflow.Dialog.Validation.NewPasswordFieldsNotMatch" value="The new passwords you typed do not match."/>
  <string key="ChangeOwnPasswordWorkflow.Dialog.Validation.PasswordsAreTheSame" value="The old and the new passwords are the same."/>
  <string key="ChangeOwnPasswordWorkflow.Dialog.Validation.NewPasswordIsEmpty" value="The new password may not be an empty string."/>
  <string key="ChangeOwnPasswordWorkflow.Dialog.Validation.NewPasswordTooShort" value="The new password must be at least {0} characters long."/>
  <string key="ChangeOwnPasswordWorkflow.NotSupportedErrorLabel" value="Password change isn't supported."/>
  <string key="ChangeOwnPasswordWorkflow.NotSupportedErrorText" value="Password change isn't supported in current configuration."/>


  <!-- change culture -->
	<string key="ChangeOwnCultureWorkflow.ElementActionLabel" value="Profile Settings..."/>
	<string key="ChangeOwnCultureWorkflow.ElementActionToolTip" value="Set the C1 Console language and formatting of numbers, times and dates"/>
	<string key="ChangeOwnCultureWorkflow.Dialog.Label" value="Profile Settings"/>
	<string key="ChangeOwnCultureWorkflow.Dialog.CultureSelector.Label" value="Display Preferences"/>
	<string key="ChangeOwnCultureWorkflow.Dialog.CultureSelector.Help" value="Display for time, date, and number formats within the console" />
  <string key="ChangeOwnCultureWorkflow.Dialog.C1ConsoleLanguageSelector.Label" value="Console Language Preferences"/>
  <string key="ChangeOwnCultureWorkflow.Dialog.C1ConsoleLanguageSelector.Help" value="Language displayed within your console for labels, help texts, dialogs, etc. The available options are limited to language packages installed. See Composite.Localization packages for more language options." />
  <string key="ChangeOwnCultureWorkflow.Dialog.Confirm.Title" value="Change application language"/>
  <string key="ChangeOwnCultureWorkflow.Dialog.Confirm.Text" value="Are your sure you wish to change the settings? The application will restart and all your unsaved changes will be lost."/>
	<string key="AdministratorAutoCreator.DefaultGroupName" value="Administrators"/>

	<!-- change own active and foreign locale -->
	<string key="ChangeForeignLocaleWorkflow.ActionLabel" value="Translation..."/>
	<string key="ChangeForeignLocaleWorkflow.ActionToolTip" value="Change source language"/>
	<string key="ChangeForeignLocaleWorkflow.NoForeignLocaleLabel" value="None"/>
	<string key="ChangeForeignLocaleWorkflow.Dialog.Label" value="Translation"/>
	<string key="ChangeForeignLocaleWorkflow.FieldGroup.Label" value="Select language to translate from"/>
	<string key="ChangeForeignLocaleWorkflow.NoOrOneActiveLocales.Title" value="Multiple languages not installed"/>
	<string key="ChangeForeignLocaleWorkflow.NoOrOneActiveLocales.Description" value="Two or more languages must be installed in order to support translations. Administrators can add more languages in the 'System' perspective."/>
	<string key="ChangeForeignLocaleWorkflow.ForeignCultureSelector.Label" value="From-language"/>
	<string key="ChangeForeignLocaleWorkflow.ForeignCultureSelector.Help" value="Pages written in the from-language will be indicated by globe icons in the Content tree. The associated &quot;Translate Page&quot; action imports the page into the current working language."/>

  <string key="ChangeOwnActiveLocaleWorkflow.CloseAllViews.Message" value="The active language has been changed"/>
  
  <string key="PasswordRules.MinimumLength" value="Password should be at least {0} characters long." />
  <string key="PasswordRules.EnforcePasswordHistory" value="Password should not match any of the previously used {0} passwords." />
  <string key="PasswordRules.DifferentCharacterGroups" value="Password should contain 3/4 of the following items: uppercase letters, lowercase letters, numbers, symbols." />
  <string key="PasswordRules.DoNotUseUserName" value="Password should not be based on a user name." />

	<string key="ChangePasswordForm.ConfirmationPasswordMimatch" value="Confirmation password mismatch" />
	<string key="ChangePasswordForm.Username" value="Username" />
	<string key="ChangePasswordForm.OldPassword" value="Old Password" />
	<string key="ChangePasswordForm.NewPassword" value="New Password" />
	<string key="ChangePasswordForm.ConfirmPassword" value="Confirm Password" />
	<string key="ChangePasswordForm.ChangePasswordButton" value="Change Password" />
	<string key="ChangePasswordForm.PasswordExpiredMessage" value="Password is older than {0} days. Please change your password." />
  <string key="ChangePasswordForm.IncorrectOldPassword" value="The old password is incorrect." />

</strings>
