﻿<?xml version="1.0" encoding="utf-8"?>
<strings>
	<!-- Element tree -->
	<string key="Tree.ConfigurationElementLabel" value="URL Configuration" />
	<string key="Tree.ConfigurationElementToolTip" value="This section allows configuring shorter and friendlier urls" />
	<string key="Tree.ConfigurationElementEditLabel" value="Edit URL Configuration" />
	<string key="Tree.ConfigurationElementEditToolTip" value="Edit URL Configuration" />
	<string key="Tree.HostnamesFolderLabel" value="Hostnames" />
	<string key="Tree.HostnamesFolderToolTip" value="Here you can map a hostname to a site" />
	<string key="Tree.AddHostnameLabel" value="Add Hostname" />
	<string key="Tree.AddHostnameToolTip" value="Add a new hostname mapping" />
	<string key="Tree.EditHostnameLabel" value="Edit Hostname" />
	<string key="Tree.EditHostnameToolTip" value="Edit this hostname mapping" />
	<string key="Tree.DeleteHostnameLabel" value="Delete Hostname" />
	<string key="Tree.DeleteHostnameToolTip" value="Delete this hostname mapping" />
	<string key="Tree.UrlConfigurationLabel" value="UrlConfiguration" />

	<!-- Url configuration -->
	<string key="UrlConfiguration.Title" value="URL Configuration" />
	<string key="UrlConfiguration.PageUrlSuffix.Label" value="Page URL Suffix" />
	<string key="UrlConfiguration.PageUrlSuffix.Help" value="A string that will be appended to all page urls. F.e. '.aspx' or '.html', leaving this field empty will produce extensionless urls" />

	<!-- Hostname binding editing -->
	<string key="HostnameBinding.AddNewHostnameTitle" value="New Hostname" />
	<string key="HostnameBinding.Hostname.Label" value="Hostname" />
	<string key="HostnameBinding.Hostname.Help" value="Hostname to which current url building rules will be applied" />
	<string key="HostnameBinding.Page.Label" value="Page" />
	<string key="HostnameBinding.Page.Help" value="Root page that will be the default page for the current hostname" />
	<string key="HostnameBinding.IncludeHomepageUrlTitle.Label" value="URL" />
	<string key="HostnameBinding.IncludeHomepageUrlTitle.ItemLabel" value="Include homepage URL Title" />
	<string key="HostnameBinding.IncludeHomepageUrlTitle.Help" value="Determines whether root page's title should be a part of url. Not having it checked produces shorter urls" />
	<string key="HostnameBinding.IncludeLanguageUrlMapping.ItemLabel" value="Include language URL mapping" />
	<string key="HostnameBinding.IncludeLanguageUrlMapping.Help" value="Determines whether language code should be a part of a url" />
	<string key="HostnameBinding.EnforceHttps.ItemLabel" value="Enforce HTTPS" />
	<string key="HostnameBinding.EnforceHttps.Help" value="When checked, all the HTTP requests will be redirected to HTTPS links" />
	<string key="HostnameBinding.Custom404Page.Label" value="Custom 404 Page" />
	<string key="HostnameBinding.Custom404Page.Help" value="Url to which request will be redirected in the case there's a request to non-existent c1 page" />
	<string key="HostnameBinding.Aliases.Label" value="Alias hostnames" />
	<string key="HostnameBinding.Aliases.Help" value="Hostnames from which all requests will be redirected to the current hostname" />
</strings>