﻿<?xml version="1.0" encoding="utf-8"?>
<ElementStructure xmlns="http://www.composite.net/ns/management/trees/treemarkup/1.0" xmlns:f="http://www.composite.net/ns/function/1.0">
  <ElementStructure.AutoAttachments>
    <NamedParent Name="Content" Position="Bottom" />
  </ElementStructure.AutoAttachments>
  <ElementRoot>
    <Children>
      <Element Label="Cloud Publisher" Id="git-push" Icon="cloud">
      <!--BrowserUrl="~/Composite/InstalledPackages/Orckestra.Azure.CloudPublisher/view/status.cshtml" -->
        <Actions>
          <CustomUrlAction Label="Open Publisher" Url="~/Composite/InstalledPackages/Orckestra.Azure.CloudPublisher/view/status.cshtml" Icon="chevron-right-circle" />
        </Actions>
      </Element>
    </Children>
  </ElementRoot>
</ElementStructure> 