<?xml version="1.0" standalone="yes"?>
<mi:PackageInstaller xmlns:mi="http://www.composite.net/ns/management/packageinstaller/1.0">
  <mi:PackageRequirements minimumCompositeVersion="6.3.0.0" maximumCompositeVersion="9.9999.9999.9999" />
  <mi:PackageInformation name="Orckestra.Azure.CloudPublisher" groupName="Orckestra.Azure" version="1.0.3" author="marcus.wendt@orckestra.com" website="https://c1.orckestra.com/Add-ons/All/Orckestra.Azure.CloudPublisher" readMoreUrl="https://c1.orckestra.com/Add-ons/All/Orckestra.Azure.CloudPublisher" id="0ef8c56d-6774-4ca7-b0fa-cf9a44c86f86" canBeUninstalled="true" systemLocking="hard" flushOnCompletion="true" allowOverwrite="false" reloadConsoleOnCompletion="true">
    <TechnicalDetails>Using win32 binaries, which may complicate uninstall. To fully uninstall, stop and restart IIS process, to release binaries. Please consult online documentation.</TechnicalDetails>
    <Description>Cloud Publisher enable you to push the file content of a C1 website to a git repo. The Cloud Publisher also come with deployment scripting, intended for use with Azure Web Apps / Kudu and their Continious Deployment feature.  By setting up your Azure web application to use git and continuous deployment, you have a full "push to cloud" solution, with git in the middle and AWS scale features.</Description>
  </mi:PackageInformation>
  <mi:PackageFragmentInstallerBinaries />
  <mi:PackageFragmentInstallers>
    <mi:Add installerType="Composite.Core.PackageSystem.PackageFragmentInstallers.FilePackageFragmentInstaller, Composite" uninstallerType="Composite.Core.PackageSystem.PackageFragmentInstallers.FilePackageFragmentUninstaller, Composite">
      <Files>
        <File sourceFilename="~\App_Data\Composite\TreeDefinitions\Orckestra.Azure.CloudPublisher.xml" targetFilename="~\App_Data\Composite\TreeDefinitions\Orckestra.Azure.CloudPublisher.xml" allowOverwrite="true" />
        <File sourceFilename="~\App_Data\sshkeys\readme.txt" targetFilename="~\App_Data\sshkeys\readme.txt" allowOverwrite="true" />
        <File sourceFilename="~\.deployment" targetFilename="~\.deployment" allowOverwrite="false" />
        <File sourceFilename="~\.gitignore" targetFilename="~\.gitignore" allowOverwrite="false" />
      </Files>
      <Directories>
        <Directory sourceDirectory="~\.deploy\" targetDirectory="~\.deploy\" allowOverwrite="false" deleteTargetDirectory="false" />
        <Directory sourceDirectory="~\Bin\" targetDirectory="~\Bin\" allowOverwrite="true" deleteTargetDirectory="false" />
        <Directory sourceDirectory="~\Composite\InstalledPackages\Orckestra.Azure.CloudPublisher\" targetDirectory="~\Composite\InstalledPackages\Orckestra.Azure.CloudPublisher\" allowOverwrite="false" deleteTargetDirectory="false" />
      </Directories>
    </mi:Add>
    <mi:Add installerType="Composite.Core.PackageSystem.PackageFragmentInstallers.XmlFileMergePackageFragmentInstaller, Composite" uninstallerType="Composite.Core.PackageSystem.PackageFragmentInstallers.XmlFileMergePackageFragmentUninstaller, Composite">
      <XmlFileMerges>
        <XmlFileMerge targetFilePath="~\web.config" changeDefinitionPath="~\web.config.merge.xml" />
      </XmlFileMerges>
    </mi:Add>
  </mi:PackageFragmentInstallers>
</mi:PackageInstaller>